contractAddress,VeriSmart_Labels,VeriSmart_AnalysisTime,VeriSmart_SWC_Code,VeriSmart_SWC_Title,VeriSmart_DASP_Rank,VeriSmart_DASP_Title
68274dd0420f2a50c800c48696c56aee,"['IO', 'ETH_LEAK']",300.570048,"[101, 105]","['Integer Overflow and Underflow', 'Unprotected Ether Withdrawal']","[3, 2]","['Arithmetic Issues', 'Access Control']"
dde77fad873fc09aca4825971a6bf4ab,"['IO', 'ETH_LEAK']",302.114627,"[101, 105]","['Integer Overflow and Underflow', 'Unprotected Ether Withdrawal']","[3, 2]","['Arithmetic Issues', 'Access Control']"
0d379be1f89da0c9303fb0bf0000422d,['ETH_LEAK'],2.439025,[105],['Unprotected Ether Withdrawal'],[2],['Access Control']
177cc199d3f91975d6ef41a0bdc10092,['error'],0.,[],[],[],[]
6da06530ead7f32f03184d306bad327b,['error'],0.,[],[],[],[]
705913f4fe05f8e6e445d1e3727d34ca,['error'],0.,[],[],[],[]
9eb97ca8a665e2fe3e2f85eb28caaf9d,['error'],0.,[],[],[],[]
dfb5e171d127be05bb85ece327756da5,"['IO', 'ETH_LEAK']",303.136029,"[101, 105]","['Integer Overflow and Underflow', 'Unprotected Ether Withdrawal']","[3, 2]","['Arithmetic Issues', 'Access Control']"
ec3a556742f883e7d185dc9d92b2e517,['error'],0.,[],[],[],[]
c95eab7cb390c02c35b58527b2853485,['error'],0.,[],[],[],[]
d13fdf3c09cdc6be10c4a23c84872801,"['IO', 'ETH_LEAK']",301.443091,"[101, 105]","['Integer Overflow and Underflow', 'Unprotected Ether Withdrawal']","[3, 2]","['Arithmetic Issues', 'Access Control']"
25da2b1b1e77bba58cf234eac71ad996,['IO'],300.051008,[101],['Integer Overflow and Underflow'],[3],['Arithmetic Issues']
f643dbc3bfb94b20c1b275ca79c8646e,safe,0.008978,,,,
43b3a5495b7c935c55cc97f0d62111b5,"['IO', 'ETH_LEAK']",308.508287,"[101, 105]","['Integer Overflow and Underflow', 'Unprotected Ether Withdrawal']","[3, 2]","['Arithmetic Issues', 'Access Control']"
6b6a8dfd8e972fc8210eb8c8350036d3,['error'],0.,[],[],[],[]
937fce5301f17228271e13f48fc9ac89,['IO'],0.137076,[101],['Integer Overflow and Underflow'],[3],['Arithmetic Issues']
d8fde2db7a33dfd514317f4d1be94f63,"['IO', 'ETH_LEAK']",301.445136,"[101, 105]","['Integer Overflow and Underflow', 'Unprotected Ether Withdrawal']","[3, 2]","['Arithmetic Issues', 'Access Control']"
98a6aaebae6d769ed139c7f6f790b474,"['IO', 'ETH_LEAK']",325.805731,"[101, 105]","['Integer Overflow and Underflow', 'Unprotected Ether Withdrawal']","[3, 2]","['Arithmetic Issues', 'Access Control']"
0eb1fc37f587269ee4b223e2eb439acc,['error'],0.,[],[],[],[]
b79acb07be86c013a5a860ed1f3df20e,['error'],0.,[],[],[],[]
f0f4963676f6caf31ce911ac8132321e,['error'],0.,[],[],[],[]
0761a37c97dccdc9d7f9d036e8588207,['ETH_LEAK'],300.620174,[105],['Unprotected Ether Withdrawal'],[2],['Access Control']
b8b90e17d4c41be7659648aa3d1ba7f6,safe,0.007438,,,,
fcdd06c3d73f2425c50916d0116ae936,safe,0.020507,,,,
7167040d12494e69e1c42de4b0f8bea2,"['IO', 'DZ']",300.022627,[101],['Integer Overflow and Underflow'],[3],['Arithmetic Issues']
64a4eb4ded65b90d989f9647eba6723b,['error'],0.,[],[],[],[]
0dbc325aa6f6923e3a4a925e3830c38a,"['IO', 'ETH_LEAK']",300.261038,"[101, 105]","['Integer Overflow and Underflow', 'Unprotected Ether Withdrawal']","[3, 2]","['Arithmetic Issues', 'Access Control']"
b85717bcac15ccc2af8357c1f523838d,"['IO', 'ETH_LEAK']",300.398349,"[101, 105]","['Integer Overflow and Underflow', 'Unprotected Ether Withdrawal']","[3, 2]","['Arithmetic Issues', 'Access Control']"
c228eaf30e8e8835e44573b39fcfd4ea,safe,19.972633,,,,
f305df0ff73ae95c5c3f01a83b0316a2,"['IO', 'ETH_LEAK']",300.162427,"[101, 105]","['Integer Overflow and Underflow', 'Unprotected Ether Withdrawal']","[3, 2]","['Arithmetic Issues', 'Access Control']"
d232016d1f76ff94f89450c4b897964f,['error'],0.,[],[],[],[]
fea8aa8ae43544f90fd1473bdee49695,['IO'],312.766394,[101],['Integer Overflow and Underflow'],[3],['Arithmetic Issues']
518b6dbd3eb8ae62de3f395b63d203ec,['IO'],300.029529,[101],['Integer Overflow and Underflow'],[3],['Arithmetic Issues']
9ccedd24a5af6b4f8fee3633eb19230d,['ETH_LEAK'],300.225496,[105],['Unprotected Ether Withdrawal'],[2],['Access Control']
b37d7077feeed635bf11c21fd9da3037,safe,0.017881,,,,
25ecaf43663af0ab0868ad0cb3d8e6f9,"['IO', 'ETH_LEAK']",300.383058,"[101, 105]","['Integer Overflow and Underflow', 'Unprotected Ether Withdrawal']","[3, 2]","['Arithmetic Issues', 'Access Control']"
c28430394cf134981f20166b8ac1c64e,['error'],0.,[],[],[],[]
5436a080bd0e6bb074c165d6d7b8cba4,['error'],0.,[],[],[],[]
d3090b7973f19569d439c7b89a70edb2,['error'],0.,[],[],[],[]
e42f79800a4c6a1bf6fded5cf76c5b5e,"['IO', 'ETH_LEAK']",310.187377,"[101, 105]","['Integer Overflow and Underflow', 'Unprotected Ether Withdrawal']","[3, 2]","['Arithmetic Issues', 'Access Control']"
6663c325676a319e17e7376e58fb4157,"['IO', 'ETH_LEAK']",302.573765,"[101, 105]","['Integer Overflow and Underflow', 'Unprotected Ether Withdrawal']","[3, 2]","['Arithmetic Issues', 'Access Control']"
89ce613d0449302d16140b2ab4c3aa5d,safe,0.055779,,,,
77bdcc525bbdbc192d216964b3cc597b,"['IO', 'DZ', 'ETH_LEAK']",327.258175,"[101, 105]","['Integer Overflow and Underflow', 'Unprotected Ether Withdrawal']","[3, 2]","['Arithmetic Issues', 'Access Control']"
c73fa27f9ce017c02dd2e11d0ba91ff4,['error'],0.,[],[],[],[]
9cb333ca5facce27e4580220e357f56b,"['IO', 'ETH_LEAK']",301.894266,"[101, 105]","['Integer Overflow and Underflow', 'Unprotected Ether Withdrawal']","[3, 2]","['Arithmetic Issues', 'Access Control']"
7d6b9a034771315b63328b230f104990,['error'],0.,[],[],[],[]
41fd7d5882feed3cc226c5754ce74697,['error'],0.,[],[],[],[]
51c7ce3370b12d978e9191bc04154abb,['ETH_LEAK'],17.774206,[105],['Unprotected Ether Withdrawal'],[2],['Access Control']
efd7ece9d97357eee3ee7bd746b1c858,"['IO', 'DZ', 'ETH_LEAK']",227.126414,"[101, 105]","['Integer Overflow and Underflow', 'Unprotected Ether Withdrawal']","[3, 2]","['Arithmetic Issues', 'Access Control']"
92cf79d9b486c810a1f9b5cbd3d9da70,"['IO', 'DZ', 'ETH_LEAK']",303.763995,"[101, 105]","['Integer Overflow and Underflow', 'Unprotected Ether Withdrawal']","[3, 2]","['Arithmetic Issues', 'Access Control']"
776db1c99d75c11ee0b71ff399dec3f4,['error'],0.,[],[],[],[]
83f6dea6686e660fcc648f7a601df9dc,"['IO', 'ETH_LEAK']",301.455916,"[101, 105]","['Integer Overflow and Underflow', 'Unprotected Ether Withdrawal']","[3, 2]","['Arithmetic Issues', 'Access Control']"
7be319d8a6c96e4f2e152755c24511dd,['error'],0.,[],[],[],[]
4a73f761ebd052a751692461d0e8a8d9,['error'],0.,[],[],[],[]
a972f8fb1fe8d854b46bd92c83f1df55,['ETH_LEAK'],300.439573,[105],['Unprotected Ether Withdrawal'],[2],['Access Control']
2f505ec9f7c5ee7ee83c3dfbc5a475a4,['error'],0.,[],[],[],[]
547c67d8883d20eb31cf8f956213bcc5,['error'],0.,[],[],[],[]
f5f3ada03ff33a21fc3076639a98db7b,"['IO', 'ETH_LEAK']",88.406677,"[101, 105]","['Integer Overflow and Underflow', 'Unprotected Ether Withdrawal']","[3, 2]","['Arithmetic Issues', 'Access Control']"
078b9c7ae51ff2ab0c3619cc94a6900a,"['IO', 'ETH_LEAK']",18.867559,"[101, 105]","['Integer Overflow and Underflow', 'Unprotected Ether Withdrawal']","[3, 2]","['Arithmetic Issues', 'Access Control']"
6be598f09a0e93dc82035710ef495e1f,['ETH_LEAK'],300.625168,[105],['Unprotected Ether Withdrawal'],[2],['Access Control']
a559d83730f1ce4cc5792f29857cc4bd,['error'],0.,[],[],[],[]
9f32bbb523e61ee07d3ab9068b17ffaa,safe,10.04365,,,,
faf6edfa20b390a8cb2e2de26f2071cd,['error'],0.,[],[],[],[]
845b7f66cc76ff0cca29e747a67e6ed7,"['IO', 'ETH_LEAK']",318.222885,"[101, 105]","['Integer Overflow and Underflow', 'Unprotected Ether Withdrawal']","[3, 2]","['Arithmetic Issues', 'Access Control']"
ce357e90b5bb11b72abf52c9f0f361d3,['error'],0.,[],[],[],[]
bed7589271a360ef6ec93414c20636ee,['IO'],301.114035,[101],['Integer Overflow and Underflow'],[3],['Arithmetic Issues']
32e4857e9226cfd10b25785bf4129234,safe,0.317179,,,,
2c5c8d27c7b2b5a156bdfb8ca4f84f98,['error'],0.,[],[],[],[]
17b002d621d0adb10714b85f9514369d,"['IO', 'ETH_LEAK']",301.061977,"[101, 105]","['Integer Overflow and Underflow', 'Unprotected Ether Withdrawal']","[3, 2]","['Arithmetic Issues', 'Access Control']"
a696db482f880685400450a308ac49c7,"['IO', 'ETH_LEAK']",300.932446,"[101, 105]","['Integer Overflow and Underflow', 'Unprotected Ether Withdrawal']","[3, 2]","['Arithmetic Issues', 'Access Control']"
2f3b02206937b810c0f09f7264f54235,['ETH_LEAK'],303.423539,[105],['Unprotected Ether Withdrawal'],[2],['Access Control']
f2aaa885e5080b386e35c26a13bc1864,['error'],0.,[],[],[],[]
2b43ed6272900ff57bdf55da0d054ebf,"['IO', 'ETH_LEAK']",300.45773,"[101, 105]","['Integer Overflow and Underflow', 'Unprotected Ether Withdrawal']","[3, 2]","['Arithmetic Issues', 'Access Control']"
1f077783b64869c567cbf82382954b7a,"['IO', 'ETH_LEAK']",326.052755,"[101, 105]","['Integer Overflow and Underflow', 'Unprotected Ether Withdrawal']","[3, 2]","['Arithmetic Issues', 'Access Control']"
b5abbc2c1ab28d77460a6fb3bc032137,['error'],0.,[],[],[],[]
b8fe1ff0ab2c71f9603024595e45a431,['IO'],0.117783,[101],['Integer Overflow and Underflow'],[3],['Arithmetic Issues']
e86a4faeb5def1a7a7f9adf5ea82decc,['error'],0.,[],[],[],[]
19fdaa8a712d044813629765252a5dcf,['error'],0.,[],[],[],[]
971deacac2af530ca4d35deac57306b1,"['IO', 'ETH_LEAK']",324.200128,"[101, 105]","['Integer Overflow and Underflow', 'Unprotected Ether Withdrawal']","[3, 2]","['Arithmetic Issues', 'Access Control']"
f8c5b48c550e4b2b594f12daba0a187a,['error'],0.,[],[],[],[]
d24bc2a5007bbb268be9fe49d3f49291,['error'],0.,[],[],[],[]
c581caa3d3c87b76018c5da612bdebd6,['error'],0.,[],[],[],[]
f7b9c311f155b5ce7ff162bb6ccd7d82,['error'],0.,[],[],[],[]
5fe73d9c557aac78b6ede1e2bb107834,['error'],0.,[],[],[],[]
755363468144b9d2a5ee332c3abda0c4,['error'],0.,[],[],[],[]
223c13af348bf2f03ebc84cf49708349,['error'],0.,[],[],[],[]
7ebd71a2ad69c9f4bcb733c440646994,['error'],0.,[],[],[],[]
db01c424e00222bde509d610d660670e,"['IO', 'ETH_LEAK']",300.17895,"[101, 105]","['Integer Overflow and Underflow', 'Unprotected Ether Withdrawal']","[3, 2]","['Arithmetic Issues', 'Access Control']"
5ce2c119b41d041966e8dfc7411075fc,safe,0.007518,,,,
b06648b43eee1574795524dd8f6d14a3,['error'],0.,[],[],[],[]
173c653e053a60550dcad5fb32a8b4d7,['error'],0.,[],[],[],[]
711b1efdaa7f1fe246879c249a83a0e7,['error'],0.,[],[],[],[]
329245db5ce9de76092fc33e056d139b,['error'],0.,[],[],[],[]
6a7c9fe18a54014989f183594f750b7e,['error'],0.,[],[],[],[]
420f1e83aba46adbdbb54457e2063152,['error'],0.,[],[],[],[]
f6747631153a17dc01dc6606f7284f6b,safe,10.0458,,,,
2000e562b993f759d1fbd9e441af4dda,safe,0.039991,,,,
1fbdf5bef07a78ed5671d580eaa96918,['error'],0.,[],[],[],[]
a6c230ff97ae1906c6f9c50c18250437,['error'],0.,[],[],[],[]
b573dbf75be1f453678ff395fed3e2bb,['error'],0.,[],[],[],[]
081d9a5520521ece4a3b5c17677e9609,['error'],0.,[],[],[],[]
0901241c8dd29426865fcbbe5ba3b634,safe,6.810684,,,,
b56b48ea2a51f48a769eaa6609797a3d,['IO'],300.043089,[101],['Integer Overflow and Underflow'],[3],['Arithmetic Issues']
3e986d35c9248a39a73a9b3fd13e8972,['error'],0.,[],[],[],[]
512452623f798d3e6d048296a8c14bbd,"['IO', 'ETH_LEAK']",330.874487,"[101, 105]","['Integer Overflow and Underflow', 'Unprotected Ether Withdrawal']","[3, 2]","['Arithmetic Issues', 'Access Control']"
b5166d209f43c33796555e744540014c,"['IO', 'ETH_LEAK']",304.400831,"[101, 105]","['Integer Overflow and Underflow', 'Unprotected Ether Withdrawal']","[3, 2]","['Arithmetic Issues', 'Access Control']"
5156ae9d80a0f2c59f2cb9f4fe8b6f08,['error'],0.,[],[],[],[]
dda3b7e9e76857e7f3fc2532c9ab980f,"['IO', 'DZ', 'KA', 'ETH_LEAK']",302.615321,"[101, 105]","['Integer Overflow and Underflow', 'Unprotected Ether Withdrawal']","[3, 2]","['Arithmetic Issues', 'Access Control']"
cf25cfeec2c994df5c0da571fdc57328,['ETH_LEAK'],0.034235,[105],['Unprotected Ether Withdrawal'],[2],['Access Control']
7c54aeadae8d760ba1291576cb5b772a,['ETH_LEAK'],300.102749,[105],['Unprotected Ether Withdrawal'],[2],['Access Control']
7063148d2dc1aede5e8ce5dce4316cdd,['error'],0.,[],[],[],[]
9372afd253b376514119fdf54487a8fd,"['IO', 'DZ', 'ETH_LEAK']",342.821023,"[101, 105]","['Integer Overflow and Underflow', 'Unprotected Ether Withdrawal']","[3, 2]","['Arithmetic Issues', 'Access Control']"
2cfeb75bbf870e90403fea1e81f6f681,['error'],0.,[],[],[],[]
12645b34852f3ce8d47bc4bd68ec5bf2,['error'],0.,[],[],[],[]
76d397cfc254cc18e83fe06dbbca1f2f,['error'],0.,[],[],[],[]
a411ba3b97a17ab4d62c394c49d45d5b,['IO'],300.25228,[101],['Integer Overflow and Underflow'],[3],['Arithmetic Issues']
df3d8eee9617b1c68bb8c38e3d6fb568,['error'],0.,[],[],[],[]
95c4f52086e477c0f2334931a267301d,['error'],0.,[],[],[],[]
eea2bcc967b723b1b073baf1b6f6c78a,['error'],0.,[],[],[],[]
388fe69f627cff7367fe3b55f75c286d,['error'],0.,[],[],[],[]
8dcee0422cc41adfd99e6386982a8df1,"['IO', 'ETH_LEAK']",304.115066,"[101, 105]","['Integer Overflow and Underflow', 'Unprotected Ether Withdrawal']","[3, 2]","['Arithmetic Issues', 'Access Control']"
5f1ad652df4da4ae79396b309978a162,['error'],0.,[],[],[],[]
a834375dc099e913fc9e7668ac8c1404,['ETH_LEAK'],300.120293,[105],['Unprotected Ether Withdrawal'],[2],['Access Control']
87a814414d3301f272a4e9918ac7f82c,['error'],0.,[],[],[],[]
91c7e42695d3ecbbc797ef67f258d2b4,['IO'],306.644458,[101],['Integer Overflow and Underflow'],[3],['Arithmetic Issues']
82a95267f482b47b5df9f2afc4fa1130,"['IO', 'ETH_LEAK']",301.005805,"[101, 105]","['Integer Overflow and Underflow', 'Unprotected Ether Withdrawal']","[3, 2]","['Arithmetic Issues', 'Access Control']"
23cdcd6d3e6ea50e02950ca2383949f3,"['IO', 'DZ', 'ETH_LEAK']",304.318509,"[101, 105]","['Integer Overflow and Underflow', 'Unprotected Ether Withdrawal']","[3, 2]","['Arithmetic Issues', 'Access Control']"
672241d04178aac2aa32ebcd29108ffa,['error'],0.,[],[],[],[]
fe65e7f1edffa31937bf7642d110ff13,['error'],0.,[],[],[],[]
e7e3f0903fafd53582326a487b1dfdbf,"['IO', 'ETH_LEAK']",300.337252,"[101, 105]","['Integer Overflow and Underflow', 'Unprotected Ether Withdrawal']","[3, 2]","['Arithmetic Issues', 'Access Control']"
d8ceb5a3c196aa91cc3d5b9af9994808,['error'],0.,[],[],[],[]
32bcfb9e179885981f5723508c10f1b1,['IO'],8.40891,[101],['Integer Overflow and Underflow'],[3],['Arithmetic Issues']
b7ab48206bb0a06aeda50deceddbeeca,['error'],0.,[],[],[],[]
44ba57f429356abc817ed271a668b217,['IO'],300.956027,[101],['Integer Overflow and Underflow'],[3],['Arithmetic Issues']
cfd0c3461a7ba813b8ca80c6571d969a,"['IO', 'ETH_LEAK']",301.36234,"[101, 105]","['Integer Overflow and Underflow', 'Unprotected Ether Withdrawal']","[3, 2]","['Arithmetic Issues', 'Access Control']"
619903f61a9a9c05bf0c23411be7a717,['IO'],1058.671101,[101],['Integer Overflow and Underflow'],[3],['Arithmetic Issues']
3ab6356a5eb2c3c14897fc21ed6ebbcb,"['IO', 'ETH_LEAK']",308.939217,"[101, 105]","['Integer Overflow and Underflow', 'Unprotected Ether Withdrawal']","[3, 2]","['Arithmetic Issues', 'Access Control']"
b1a122f7e0f55faa95ffffc716a4ea7a,['error'],0.,[],[],[],[]
e9f5fab52bc05798eba1733cead493ce,"['IO', 'DZ']",0.212929,[101],['Integer Overflow and Underflow'],[3],['Arithmetic Issues']
3110941db9bf2c1d57c9000020fe4dcb,['error'],0.,[],[],[],[]
3d21a1483fd84a0e9f51e721fa2622fb,"['IO', 'ETH_LEAK']",301.312705,"[101, 105]","['Integer Overflow and Underflow', 'Unprotected Ether Withdrawal']","[3, 2]","['Arithmetic Issues', 'Access Control']"
c0a55122072a2af24cff4ed6f967efa4,"['IO', 'ETH_LEAK']",305.469059,"[101, 105]","['Integer Overflow and Underflow', 'Unprotected Ether Withdrawal']","[3, 2]","['Arithmetic Issues', 'Access Control']"
850143185a043e3cc91af8011e55279d,['error'],0.,[],[],[],[]
2053861ae254da764cc355c599c738fb,['error'],0.,[],[],[],[]
8d33efdfa6fb09dcb0f58a3d7fc62d45,['error'],0.,[],[],[],[]
93eeb3f33cca12ca238bb958e8b6a15f,"['IO', 'ETH_LEAK']",300.242293,"[101, 105]","['Integer Overflow and Underflow', 'Unprotected Ether Withdrawal']","[3, 2]","['Arithmetic Issues', 'Access Control']"
1b15a0a530394a1ff5768af418ebfecc,"['IO', 'ETH_LEAK']",300.07027,"[101, 105]","['Integer Overflow and Underflow', 'Unprotected Ether Withdrawal']","[3, 2]","['Arithmetic Issues', 'Access Control']"
207a94d45ef3759b3c256f2eca789e8a,['error'],0.,[],[],[],[]
7f91af178547eb7e7335d5f6c42f6af1,"['IO', 'ETH_LEAK']",327.520343,"[101, 105]","['Integer Overflow and Underflow', 'Unprotected Ether Withdrawal']","[3, 2]","['Arithmetic Issues', 'Access Control']"
f5894112150c91e93db6c06ac0410e03,"['IO', 'ETH_LEAK']",300.560113,"[101, 105]","['Integer Overflow and Underflow', 'Unprotected Ether Withdrawal']","[3, 2]","['Arithmetic Issues', 'Access Control']"
c6bc7996daf9cf5319935f1ba6def79e,['error'],0.,[],[],[],[]
882a21aa1d44151b11139ef0c0c887ab,safe,0.022052,,,,
7a0eb9f303356003d534556ac308f4be,safe,0.070653,,,,
40434c4be919ee95b9e4352bde2a5a42,['error'],0.,[],[],[],[]
a0fa497167ef340db53687536ba2ef6c,['error'],0.,[],[],[],[]
f1239915021736421c13fb9a3acb998b,['error'],0.,[],[],[],[]
bf04346ddf0338682d8bea38cb717736,['error'],0.,[],[],[],[]
fa4e06a8d9de5f2273b4da41d83017b6,"['IO', 'ETH_LEAK']",300.525306,"[101, 105]","['Integer Overflow and Underflow', 'Unprotected Ether Withdrawal']","[3, 2]","['Arithmetic Issues', 'Access Control']"
ed606b88efc467bfa638c98b18b79026,['error'],0.,[],[],[],[]
0999db04d3a85b942cb70b14f4c343bb,['error'],0.,[],[],[],[]
eeb9649dabbb43065a6b417de426e29e,safe,2.301424,,,,
0b2d384962f5196008851f821bf8310d,['error'],0.,[],[],[],[]
505345e7fb02a545f62026df5b7ae895,['error'],0.,[],[],[],[]
c9637852a57f83876ad3234cdeedbb8c,['error'],0.,[],[],[],[]
ab9c2681eb4aa3c242c82fe2da9b938c,"['IO', 'ETH_LEAK']",300.267631,"[101, 105]","['Integer Overflow and Underflow', 'Unprotected Ether Withdrawal']","[3, 2]","['Arithmetic Issues', 'Access Control']"
09bcbbdaf41339b5d100fc390eca9522,['error'],0.,[],[],[],[]
a0aeea5d94dc7df60b42bfb1317d8f0f,['error'],0.,[],[],[],[]
1ab6fc88bb9686fa8c7cdfb095d09d9a,['error'],0.,[],[],[],[]
ec66c7985a3fca0c5b59dca74b1ab5c2,"['IO', 'DZ', 'ETH_LEAK']",303.272877,"[101, 105]","['Integer Overflow and Underflow', 'Unprotected Ether Withdrawal']","[3, 2]","['Arithmetic Issues', 'Access Control']"
982ee4958297ce404720a31c0111f568,['error'],0.,[],[],[],[]
f4b87296d28578b8fc47e0a3cb1c40a5,['error'],0.,[],[],[],[]
68669697c6df8b0e26eebb4fb52a633f,['IO'],300.062474,[101],['Integer Overflow and Underflow'],[3],['Arithmetic Issues']
e1c084e2559b8ecd6e81abaed59aea3b,['error'],0.,[],[],[],[]
9d5e7c652b2d27cbf8dbfc8e195c5620,['error'],0.,[],[],[],[]
86e4a4bfa641c2d4c8f70b8b64a7aa9d,['error'],0.,[],[],[],[]
3391da41e9b61e43fc8be329a911d1a3,safe,0.021584,,,,
319642dfcda3ff8b8d46c4eb6dd207ad,"['IO', 'ETH_LEAK']",300.776636,"[101, 105]","['Integer Overflow and Underflow', 'Unprotected Ether Withdrawal']","[3, 2]","['Arithmetic Issues', 'Access Control']"
2b417165ed0e6da100526a639d2170a3,['IO'],306.046143,[101],['Integer Overflow and Underflow'],[3],['Arithmetic Issues']
cae8328b3655792d4869b75f04a56804,['IO'],2.707601,[101],['Integer Overflow and Underflow'],[3],['Arithmetic Issues']
848a7e81e4abbbf0ef0a783f6e73f246,safe,0.007685,,,,
351f15f1fc21e6f87eab7bee322c7103,['error'],0.,[],[],[],[]
77f7a4aeb42a2ba25d6b4f38c790d18e,['error'],0.,[],[],[],[]
17f2e87d6f62e815dc918d768df6804f,['error'],0.,[],[],[],[]
4b8c2ca766f6ab305ab875543a436e94,['IO'],300.034216,[101],['Integer Overflow and Underflow'],[3],['Arithmetic Issues']
a0bcbd45efed6f24f48ff9bd7c2994b2,['ETH_LEAK'],2.111496,[105],['Unprotected Ether Withdrawal'],[2],['Access Control']
3da12140af9541c656baa96decdbb670,"['IO', 'ETH_LEAK']",301.606111,"[101, 105]","['Integer Overflow and Underflow', 'Unprotected Ether Withdrawal']","[3, 2]","['Arithmetic Issues', 'Access Control']"
b845d738638a81cf34298171cd543497,['IO'],300.341519,[101],['Integer Overflow and Underflow'],[3],['Arithmetic Issues']
bac37773ed7fc5b30ac7b57874456124,['error'],0.,[],[],[],[]
71527aa1621f5730d44f70c814224af5,['error'],0.,[],[],[],[]
9253c4923698d75e40cf4d12f7904106,"['IO', 'ETH_LEAK']",308.065947,"[101, 105]","['Integer Overflow and Underflow', 'Unprotected Ether Withdrawal']","[3, 2]","['Arithmetic Issues', 'Access Control']"
efc84c3cd7df105f6d4b07c7ec9528ec,safe,0.020256,,,,
b81339027e0b2509087452fb09b9f026,['error'],0.,[],[],[],[]
b0943049dac6770c1fb794cfe1e570ba,['error'],0.,[],[],[],[]
7071554947ea73a4bf62a37c06a8cea4,"['IO', 'ETH_LEAK']",303.954032,"[101, 105]","['Integer Overflow and Underflow', 'Unprotected Ether Withdrawal']","[3, 2]","['Arithmetic Issues', 'Access Control']"
9c860cb8f87bf00a7a2126525fce6e6b,['error'],0.,[],[],[],[]
d45c20e18623a8cf87ebb0d30506d420,['IO'],427.240075,[101],['Integer Overflow and Underflow'],[3],['Arithmetic Issues']
1103114e849561bb06a6bc4d7d000a0f,['IO'],300.574628,[101],['Integer Overflow and Underflow'],[3],['Arithmetic Issues']
8dee8c5353ecb38a25898c6c1dad7823,['error'],0.,[],[],[],[]
81a70d4963643b4abf5b0ad0843690ea,"['IO', 'DZ', 'KA', 'ETH_LEAK']",1807.5659,"[101, 105]","['Integer Overflow and Underflow', 'Unprotected Ether Withdrawal']","[3, 2]","['Arithmetic Issues', 'Access Control']"
6708df2cb52036997e3d6e3dca966109,['error'],0.,[],[],[],[]
a380a749e75d2a48f0fb963fa2a953d6,['error'],0.,[],[],[],[]
ea3b01e6f185631860a4993056b5f710,"['IO', 'KA', 'ETH_LEAK']",300.16078,"[101, 105]","['Integer Overflow and Underflow', 'Unprotected Ether Withdrawal']","[3, 2]","['Arithmetic Issues', 'Access Control']"
5169cb5942918e0f6ef93de6d075392d,['error'],0.,[],[],[],[]
3e839ff32acb415f75646af93950ece7,['error'],0.,[],[],[],[]
7c768acd1a6aaceeb2608de8d68bdc9e,"['IO', 'ETH_LEAK']",308.820503,"[101, 105]","['Integer Overflow and Underflow', 'Unprotected Ether Withdrawal']","[3, 2]","['Arithmetic Issues', 'Access Control']"
c155eecdc6d42d9427b489da45d75627,['error'],0.,[],[],[],[]
192ebc941e9c75a7f08c778e61026f15,['error'],0.,[],[],[],[]
291b479c02e67afb6e2e4c3d25602337,['error'],0.,[],[],[],[]
03cb12826f2844106216a23484264edf,"['IO', 'DZ', 'ETH_LEAK']",301.638991,"[101, 105]","['Integer Overflow and Underflow', 'Unprotected Ether Withdrawal']","[3, 2]","['Arithmetic Issues', 'Access Control']"
c269597bb8a0201ade3a34429355d166,['error'],0.,[],[],[],[]
72c7afddfd98c2b03e56fee91ef8c659,['error'],0.,[],[],[],[]
18c2e0c374031239846b704cf76a6854,['IO'],32.025179,[101],['Integer Overflow and Underflow'],[3],['Arithmetic Issues']
c32d761855f0c46fd555357d55d2ecf8,"['IO', 'ETH_LEAK']",393.450676,"[101, 105]","['Integer Overflow and Underflow', 'Unprotected Ether Withdrawal']","[3, 2]","['Arithmetic Issues', 'Access Control']"
fc452aea74e07d208d2fb519861d9453,['IO'],0.577996,[101],['Integer Overflow and Underflow'],[3],['Arithmetic Issues']
b7467da073c5c80750ad5740fec17c8d,['error'],0.,[],[],[],[]
e6a81f14aa2b2851feb74d425451d059,"['IO', 'DZ', 'ETH_LEAK']",304.819009,"[101, 105]","['Integer Overflow and Underflow', 'Unprotected Ether Withdrawal']","[3, 2]","['Arithmetic Issues', 'Access Control']"
1f2b49ce9ff60b83121a8ff88446e392,['error'],0.,[],[],[],[]
5999c905982f6359350d2e4032618cdc,['error'],0.,[],[],[],[]
e01ab8b006611d8612a81724edcfdc02,"['IO', 'ETH_LEAK']",300.4115,"[101, 105]","['Integer Overflow and Underflow', 'Unprotected Ether Withdrawal']","[3, 2]","['Arithmetic Issues', 'Access Control']"
781075ec09c15df6614568fd8fbf90f6,['error'],0.,[],[],[],[]
21696030663934632d50ff16763f0b02,['IO'],300.128233,[101],['Integer Overflow and Underflow'],[3],['Arithmetic Issues']
2b0575027a80a17c1f30dd40d3a5faa5,"['IO', 'ETH_LEAK']",300.035323,"[101, 105]","['Integer Overflow and Underflow', 'Unprotected Ether Withdrawal']","[3, 2]","['Arithmetic Issues', 'Access Control']"
7dd18fb5fc95fc38b5c7d6442326b074,"['IO', 'ETH_LEAK']",300.408411,"[101, 105]","['Integer Overflow and Underflow', 'Unprotected Ether Withdrawal']","[3, 2]","['Arithmetic Issues', 'Access Control']"
17186f654d31fa50dc5f33c4eb221a23,"['IO', 'ETH_LEAK']",309.758247,"[101, 105]","['Integer Overflow and Underflow', 'Unprotected Ether Withdrawal']","[3, 2]","['Arithmetic Issues', 'Access Control']"
d95e111486e361c6679c53ce46e835c3,['error'],0.,[],[],[],[]
07dfae0441fd39d7c11c113600f30091,"['IO', 'ETH_LEAK']",300.394551,"[101, 105]","['Integer Overflow and Underflow', 'Unprotected Ether Withdrawal']","[3, 2]","['Arithmetic Issues', 'Access Control']"
2a6c66d0115d84e081212a7821e78470,safe,5.037745,,,,
ec3daf7826176e1719af886afdc202fd,"['IO', 'ETH_LEAK']",0.16465,"[101, 105]","['Integer Overflow and Underflow', 'Unprotected Ether Withdrawal']","[3, 2]","['Arithmetic Issues', 'Access Control']"
44d41394a8abf5045758e96244dd113e,['error'],0.,[],[],[],[]
007c010f1192c459d19859ee01c41a34,['error'],0.,[],[],[],[]
df422d23c78c887b61c9c8756264f3f3,"['IO', 'ETH_LEAK']",308.898104,"[101, 105]","['Integer Overflow and Underflow', 'Unprotected Ether Withdrawal']","[3, 2]","['Arithmetic Issues', 'Access Control']"
e96ac06cbc1f57f65cb97d5b9c94ad67,"['IO', 'ETH_LEAK']",300.201933,"[101, 105]","['Integer Overflow and Underflow', 'Unprotected Ether Withdrawal']","[3, 2]","['Arithmetic Issues', 'Access Control']"
f3cf16231d802f33c3dbba588332e660,['ETH_LEAK'],0.215131,[105],['Unprotected Ether Withdrawal'],[2],['Access Control']
9d2709333856ab4b89f4a292072b766e,['error'],0.,[],[],[],[]
4a59c04698042db1d88c51de8ae1e12d,"['IO', 'ETH_LEAK']",304.905605,"[101, 105]","['Integer Overflow and Underflow', 'Unprotected Ether Withdrawal']","[3, 2]","['Arithmetic Issues', 'Access Control']"
bc18223caf13ec34b42aba9e4eb36cb3,['error'],0.,[],[],[],[]
f063cdc48d1d12f580289e9954daa976,safe,0.162206,,,,
0805ef8166adf1ace157ce8006233e05,['error'],0.,[],[],[],[]
3015be91f9d084aa59d0c2a76ad3bf28,['error'],0.,[],[],[],[]
659198bdeb834a7113ded23228569df2,['error'],0.,[],[],[],[]
9d024234da3d1e8d51dfc757e20b9d04,"['IO', 'ETH_LEAK']",300.29543,"[101, 105]","['Integer Overflow and Underflow', 'Unprotected Ether Withdrawal']","[3, 2]","['Arithmetic Issues', 'Access Control']"
6e6653bd9f7cff001d9299f5223dc4fe,['error'],0.,[],[],[],[]
5c8be0525f4cb45a0655f1fcd3043aeb,"['IO', 'ETH_LEAK']",301.167303,"[101, 105]","['Integer Overflow and Underflow', 'Unprotected Ether Withdrawal']","[3, 2]","['Arithmetic Issues', 'Access Control']"
174f52fe89187ef41341a3cece0ebb0e,"['IO', 'ETH_LEAK']",423.302263,"[101, 105]","['Integer Overflow and Underflow', 'Unprotected Ether Withdrawal']","[3, 2]","['Arithmetic Issues', 'Access Control']"
038fd9b9bdfc5609cc410cc8f022da05,safe,0.011645,,,,
6a08c4751470fa5406cf416acf404220,"['IO', 'ETH_LEAK']",0.044524,"[101, 105]","['Integer Overflow and Underflow', 'Unprotected Ether Withdrawal']","[3, 2]","['Arithmetic Issues', 'Access Control']"
a8380621126f794b4776a4dbe4095e3f,['IO'],300.14103,[101],['Integer Overflow and Underflow'],[3],['Arithmetic Issues']
38827a755c0cd886e447b05dd20aaaf4,"['IO', 'DZ']",15486.757672,[101],['Integer Overflow and Underflow'],[3],['Arithmetic Issues']
50ad1d12b96bf8a745bd022e4923d61e,['error'],0.,[],[],[],[]
aed168a2e75be07378c9abb0e3524676,['error'],0.,[],[],[],[]
9571b6f2f1a04891ef1640b74b657030,['error'],0.,[],[],[],[]
f1db9af25421b428e67ac0e456af91d8,"['IO', 'ETH_LEAK']",150.232545,"[101, 105]","['Integer Overflow and Underflow', 'Unprotected Ether Withdrawal']","[3, 2]","['Arithmetic Issues', 'Access Control']"
48a255e235207008bfabdf9aa74a5214,['error'],0.,[],[],[],[]
0ddd1c046d2a572672c87f87e287a176,"['IO', 'ETH_LEAK']",301.757515,"[101, 105]","['Integer Overflow and Underflow', 'Unprotected Ether Withdrawal']","[3, 2]","['Arithmetic Issues', 'Access Control']"
8173d1c5ff367cffb7d08b65f77a6b0a,"['IO', 'DZ', 'ETH_LEAK']",300.236345,"[101, 105]","['Integer Overflow and Underflow', 'Unprotected Ether Withdrawal']","[3, 2]","['Arithmetic Issues', 'Access Control']"
8075c737c6bc20ea94c0461a0972e438,safe,0.535812,,,,
5c40cb40de7ac2265b711c91352d94a8,['IO'],300.744619,[101],['Integer Overflow and Underflow'],[3],['Arithmetic Issues']
3f0d413cbe80d6b4f344bba38bbd369a,['error'],0.,[],[],[],[]
7eb1103dd388e60aef31de71855ef942,['IO'],301.069906,[101],['Integer Overflow and Underflow'],[3],['Arithmetic Issues']
bfde15c487502cceddb4c4778e3e6ec7,['IO'],0.121328,[101],['Integer Overflow and Underflow'],[3],['Arithmetic Issues']
b034f1c33a31e7874066edd7833b5320,['IO'],0.012705,[101],['Integer Overflow and Underflow'],[3],['Arithmetic Issues']
c2c8c6e2df2855ff84dab6c604319351,['error'],0.,[],[],[],[]
c93667344fa502cc7166f77c5edbfecc,"['IO', 'ETH_LEAK']",308.585968,"[101, 105]","['Integer Overflow and Underflow', 'Unprotected Ether Withdrawal']","[3, 2]","['Arithmetic Issues', 'Access Control']"
37843e83373324fe187cb0b7e05fda90,"['IO', 'DZ', 'ETH_LEAK']",336.157757,"[101, 105]","['Integer Overflow and Underflow', 'Unprotected Ether Withdrawal']","[3, 2]","['Arithmetic Issues', 'Access Control']"
6e1b1058ee39fb539b78f84cfcc7933c,['error'],0.,[],[],[],[]
46f4c0ae675e251931dfa2ee6556b035,"['IO', 'ETH_LEAK']",300.056079,"[101, 105]","['Integer Overflow and Underflow', 'Unprotected Ether Withdrawal']","[3, 2]","['Arithmetic Issues', 'Access Control']"
9b4463aab14b1a17e23c21ff9634819f,safe,1.555587,,,,
fad5890ccc2db52467221021cf51c425,['error'],0.,[],[],[],[]
a38efe26a54d9e7cb47d3017104d9531,safe,0.024815,,,,
10b7a74f271efb1a1d249bb1fd6cca40,['IO'],45.280906,[101],['Integer Overflow and Underflow'],[3],['Arithmetic Issues']
f8d239d0de68cced8a4df21d91396edb,['ETH_LEAK'],0.046038,[105],['Unprotected Ether Withdrawal'],[2],['Access Control']
c2b1bcb2fd86143a07872d286e7551d1,"['IO', 'ETH_LEAK']",300.247678,"[101, 105]","['Integer Overflow and Underflow', 'Unprotected Ether Withdrawal']","[3, 2]","['Arithmetic Issues', 'Access Control']"
e88c5179ce346e03fc3b346600f7aa36,['error'],0.,[],[],[],[]
9059c7ef72243dbda3c1a138b0ebba5a,['error'],0.,[],[],[],[]
c206245d6caa7135bccfbab9f4404d23,"['IO', 'ETH_LEAK']",380.848614,"[101, 105]","['Integer Overflow and Underflow', 'Unprotected Ether Withdrawal']","[3, 2]","['Arithmetic Issues', 'Access Control']"
f8b74377510db4ec0314392e9cce6520,['error'],0.,[],[],[],[]
bceadcc140d54735bb49d5d0af2c7c80,['error'],0.,[],[],[],[]
76316d24f4f4733bceaeec609a9a7381,"['IO', 'ETH_LEAK']",300.157323,"[101, 105]","['Integer Overflow and Underflow', 'Unprotected Ether Withdrawal']","[3, 2]","['Arithmetic Issues', 'Access Control']"
b22c1619bedaa2a5c01884e8ee91ff04,['error'],0.,[],[],[],[]
9422e3cc337379b8fe5785fae34c05d3,safe,4.528453,,,,
9c2315144520b52918c1ea16c4895f51,safe,0.095374,,,,
eb98fd734701d6fbd6a0f61b3423030e,"['IO', 'ETH_LEAK']",300.438167,"[101, 105]","['Integer Overflow and Underflow', 'Unprotected Ether Withdrawal']","[3, 2]","['Arithmetic Issues', 'Access Control']"
a640ca86a040806ad08144fdd13a268e,"['IO', 'ETH_LEAK']",335.614595,"[101, 105]","['Integer Overflow and Underflow', 'Unprotected Ether Withdrawal']","[3, 2]","['Arithmetic Issues', 'Access Control']"
f12ef52b0d4e6018344fcb33a7da9d9f,['error'],0.,[],[],[],[]
cbcd9f271ffaad57ef9735eadd89544d,safe,5.630401,,,,
41197ffd8d2c070ff4664a61dc2b8aab,['error'],0.,[],[],[],[]
f73768e16680cd9fffd24f529e8a6083,"['IO', 'ETH_LEAK']",304.47994,"[101, 105]","['Integer Overflow and Underflow', 'Unprotected Ether Withdrawal']","[3, 2]","['Arithmetic Issues', 'Access Control']"
8e891eef42d103cc7f6d6dfc0251dc12,"['IO', 'ETH_LEAK']",2423.9835,"[101, 105]","['Integer Overflow and Underflow', 'Unprotected Ether Withdrawal']","[3, 2]","['Arithmetic Issues', 'Access Control']"
e2117027860c722f6a93dc1d0f780e09,"['IO', 'ETH_LEAK']",300.326656,"[101, 105]","['Integer Overflow and Underflow', 'Unprotected Ether Withdrawal']","[3, 2]","['Arithmetic Issues', 'Access Control']"
2facec13a0d4bfd480faf725405cbcfe,"['IO', 'ETH_LEAK']",300.243361,"[101, 105]","['Integer Overflow and Underflow', 'Unprotected Ether Withdrawal']","[3, 2]","['Arithmetic Issues', 'Access Control']"
4610d6a3dd35306cb526d351b7ed1dd6,"['IO', 'ETH_LEAK']",300.224649,"[101, 105]","['Integer Overflow and Underflow', 'Unprotected Ether Withdrawal']","[3, 2]","['Arithmetic Issues', 'Access Control']"
39154ab86b53b8e3a39c30b84b130256,"['IO', 'ETH_LEAK']",302.142901,"[101, 105]","['Integer Overflow and Underflow', 'Unprotected Ether Withdrawal']","[3, 2]","['Arithmetic Issues', 'Access Control']"
c3e8accae894031973612246f30e22e0,['error'],0.,[],[],[],[]
a0d5800d355f5ddf9996def49b835809,['error'],0.,[],[],[],[]
f7f32939f6bbf90331a501d27d28e64c,['IO'],301.622716,[101],['Integer Overflow and Underflow'],[3],['Arithmetic Issues']
a1997764b31c622a6fbe7b760e6c38e4,['error'],0.,[],[],[],[]
87c805086c85292a92de288bb7b5318e,['error'],0.,[],[],[],[]
683c888b9be160f85a44380779952931,safe,0.029335,,,,
7dc70726c5940fd0f7b0dfef8696d541,safe,17.571779,,,,
70a015ff90bd920aa01c03ee10ab2261,['error'],0.,[],[],[],[]
b6a33843b4f065c98fb321edabfd06fe,['error'],0.,[],[],[],[]
3a2c9484999ca87c335e8e84801495a7,"['IO', 'ETH_LEAK']",147.603503,"[101, 105]","['Integer Overflow and Underflow', 'Unprotected Ether Withdrawal']","[3, 2]","['Arithmetic Issues', 'Access Control']"
35772953c0bbc2bb7d9be48050c7fc87,['error'],0.,[],[],[],[]
7ce26a0b3a9e1dbe11700936495160a4,"['IO', 'ETH_LEAK']",349.105413,"[101, 105]","['Integer Overflow and Underflow', 'Unprotected Ether Withdrawal']","[3, 2]","['Arithmetic Issues', 'Access Control']"
b7bd4ae865662908993f5895ef5e113f,['IO'],300.019848,[101],['Integer Overflow and Underflow'],[3],['Arithmetic Issues']
475db6c409435c3732f48f2e1edb2e62,['error'],0.,[],[],[],[]
6f18a424c9315bce4bc9cbe0701afcb5,['ETH_LEAK'],302.743186,[105],['Unprotected Ether Withdrawal'],[2],['Access Control']
730f512b4e7a90ffb1776a2edd87101b,['ETH_LEAK'],0.036168,[105],['Unprotected Ether Withdrawal'],[2],['Access Control']
9e60d542b54aa9ae929337976d91d690,['ETH_LEAK'],15.059423,[105],['Unprotected Ether Withdrawal'],[2],['Access Control']
86be690ed3a12807dbbcd28fbc7d75ad,['error'],0.,[],[],[],[]
c028b7485dcd3c24c82db62a577046ef,['IO'],300.787818,[101],['Integer Overflow and Underflow'],[3],['Arithmetic Issues']
dd443a9352d9e4ef8e8e81310f45f607,['error'],0.,[],[],[],[]
f0f27a563953c88c95031b53f4bde0dd,['error'],0.,[],[],[],[]
331f0f3635feb0ea21054662ac82a35b,['error'],0.,[],[],[],[]
247b3fa1cda607f4deeaafbae42a024b,"['IO', 'ETH_LEAK']",300.023715,"[101, 105]","['Integer Overflow and Underflow', 'Unprotected Ether Withdrawal']","[3, 2]","['Arithmetic Issues', 'Access Control']"
630db584a83676a1a9bfdbb00380c4c6,['error'],0.,[],[],[],[]
d8c55cf489dc15c17fcb741619f212a7,"['IO', 'ETH_LEAK']",300.681483,"[101, 105]","['Integer Overflow and Underflow', 'Unprotected Ether Withdrawal']","[3, 2]","['Arithmetic Issues', 'Access Control']"
8a10228deb803c30587f986cd76a4506,"['IO', 'ETH_LEAK']",300.209906,"[101, 105]","['Integer Overflow and Underflow', 'Unprotected Ether Withdrawal']","[3, 2]","['Arithmetic Issues', 'Access Control']"
8b230929091f012b2f685f913463765c,['error'],0.,[],[],[],[]
f9d512951971f39f93ab2906babb9a6e,['ETH_LEAK'],2.180554,[105],['Unprotected Ether Withdrawal'],[2],['Access Control']
6ed4d37392add7aaf9898db587ddb6f3,['error'],0.,[],[],[],[]
456a52a9914e59f5792da15bde4a15c7,['error'],0.,[],[],[],[]
e56035bd20f238cb9c51827929568f6b,['error'],0.,[],[],[],[]
fc2b88d194347a48a9f16fd4adebace9,"['IO', 'ETH_LEAK']",300.205985,"[101, 105]","['Integer Overflow and Underflow', 'Unprotected Ether Withdrawal']","[3, 2]","['Arithmetic Issues', 'Access Control']"
5fc5ed0f246ab6a9cde01e29f35903ff,['error'],0.,[],[],[],[]
1c59a8e31586848281fa3c90d1aec39f,['IO'],307.648659,[101],['Integer Overflow and Underflow'],[3],['Arithmetic Issues']
b6714bfd830a4ab912d6f9919031c632,['error'],0.,[],[],[],[]
e689db4809e27dee1a41e20e93ff96b4,['error'],0.,[],[],[],[]
4e20de62cef6ee9903473fd879151107,"['IO', 'ETH_LEAK']",311.666347,"[101, 105]","['Integer Overflow and Underflow', 'Unprotected Ether Withdrawal']","[3, 2]","['Arithmetic Issues', 'Access Control']"
e3e0de127bf5f06f5bf34ef86c63ef4a,"['IO', 'ETH_LEAK']",300.218405,"[101, 105]","['Integer Overflow and Underflow', 'Unprotected Ether Withdrawal']","[3, 2]","['Arithmetic Issues', 'Access Control']"
6a42f80b124205bd4d78f997d8db5544,"['IO', 'ETH_LEAK']",300.528097,"[101, 105]","['Integer Overflow and Underflow', 'Unprotected Ether Withdrawal']","[3, 2]","['Arithmetic Issues', 'Access Control']"
50d22d4d3f3830c8fd94382a9bd2d98b,['error'],0.,[],[],[],[]
6209514e1b7fafb3c2930433fa7c79e3,"['IO', 'DZ']",303.610632,[101],['Integer Overflow and Underflow'],[3],['Arithmetic Issues']
9a8b778cd3df80aa44e9703e5a347dd6,['error'],0.,[],[],[],[]
fadb197a67f888e905854b7ead2331a1,"['IO', 'ETH_LEAK']",310.281769,"[101, 105]","['Integer Overflow and Underflow', 'Unprotected Ether Withdrawal']","[3, 2]","['Arithmetic Issues', 'Access Control']"
a57d3fd4ae67f37630b7a103466b2a15,"['IO', 'DZ', 'ETH_LEAK']",300.317739,"[101, 105]","['Integer Overflow and Underflow', 'Unprotected Ether Withdrawal']","[3, 2]","['Arithmetic Issues', 'Access Control']"
aacfcc65cea7fc5d9cde2bf0591edae4,['error'],0.,[],[],[],[]
b59800d512903ba1a0bb9de967b4d668,['error'],0.,[],[],[],[]
0e9b2182ea72fab1e822f0bebe52f9e6,"['IO', 'DZ']",301.344973,[101],['Integer Overflow and Underflow'],[3],['Arithmetic Issues']
4b764a6ddfa7867814b99051364679d5,['error'],0.,[],[],[],[]
b9ae0ce221e3a700bdb751262a4e5aab,['IO'],348.590005,[101],['Integer Overflow and Underflow'],[3],['Arithmetic Issues']
de3d087673642b0410ab98f912c137b0,safe,0.752866,,,,
9ea743102e6c855d6cbb6f49fd06e6b8,['error'],0.,[],[],[],[]
2a5cb9b7610404553571466cb5ef300a,['IO'],8.288343,[101],['Integer Overflow and Underflow'],[3],['Arithmetic Issues']
aeb5d235471b1595ebe5cc4edf30647d,['error'],0.,[],[],[],[]
a02c9b58f83599f1ad9c63fab6b40381,['ETH_LEAK'],300.076385,[105],['Unprotected Ether Withdrawal'],[2],['Access Control']
327d0766e93e7ebb7ac491447f7d720b,['error'],0.,[],[],[],[]
2d865be0c799e3c0d44a09908ec6d7e6,['error'],0.,[],[],[],[]
837fe9e491d6350b3d5a50b276089cdc,['error'],0.,[],[],[],[]
ebeb94501ca257313d865a620b97a88d,"['IO', 'DZ']",0.483915,[101],['Integer Overflow and Underflow'],[3],['Arithmetic Issues']
f8d0485a3e66fecddc7d0121314e05e0,['error'],0.,[],[],[],[]
b4d1f6e342c2283d3b0851ef980a98f6,"['IO', 'DZ', 'ETH_LEAK']",301.091299,"[101, 105]","['Integer Overflow and Underflow', 'Unprotected Ether Withdrawal']","[3, 2]","['Arithmetic Issues', 'Access Control']"
834151a5395a22f7720711b4c973a780,"['IO', 'ETH_LEAK']",300.303943,"[101, 105]","['Integer Overflow and Underflow', 'Unprotected Ether Withdrawal']","[3, 2]","['Arithmetic Issues', 'Access Control']"
b8f1813a9e03323197c93ac68211d93a,['error'],0.,[],[],[],[]
7f363250765430cfd54314c54825ed6e,['IO'],300.429935,[101],['Integer Overflow and Underflow'],[3],['Arithmetic Issues']
68bdd5a3cd8dc7afa31e318cf67e1fbd,['error'],0.,[],[],[],[]
7af9d31dd83638da9a8d194c4dacd148,['error'],0.,[],[],[],[]
d150edb6c2ccbf96757e5063f6305026,['error'],0.,[],[],[],[]
97781419a250b9111aeda5a6dd3eaf2c,"['IO', 'DZ', 'ETH_LEAK']",300.067489,"[101, 105]","['Integer Overflow and Underflow', 'Unprotected Ether Withdrawal']","[3, 2]","['Arithmetic Issues', 'Access Control']"
c980d3ebc5971f1b7ce75628fb471c9f,"['IO', 'DZ', 'ETH_LEAK']",300.282838,"[101, 105]","['Integer Overflow and Underflow', 'Unprotected Ether Withdrawal']","[3, 2]","['Arithmetic Issues', 'Access Control']"
4b24b03ac448d5a256ace0100f735714,"['IO', 'ETH_LEAK']",307.656565,"[101, 105]","['Integer Overflow and Underflow', 'Unprotected Ether Withdrawal']","[3, 2]","['Arithmetic Issues', 'Access Control']"
a952fd44dcf4befc7e95afb3090d9e5d,"['IO', 'ETH_LEAK']",300.641976,"[101, 105]","['Integer Overflow and Underflow', 'Unprotected Ether Withdrawal']","[3, 2]","['Arithmetic Issues', 'Access Control']"
69756fb95542a1906854684fd1bc4724,['error'],0.,[],[],[],[]
58fa47d66cc69ba40b5b6417be40e5f1,['error'],0.,[],[],[],[]
bcfb41bde49b64c80b098f6e790a4682,['error'],0.,[],[],[],[]
20e59e5e3c572f2ca9615794ce9420af,['error'],0.,[],[],[],[]
987beebed3086ee6d2f5472e1d3ad186,"['IO', 'ETH_LEAK']",306.698368,"[101, 105]","['Integer Overflow and Underflow', 'Unprotected Ether Withdrawal']","[3, 2]","['Arithmetic Issues', 'Access Control']"
36403a77c219b87b6a07f292f193def0,['error'],0.,[],[],[],[]
23c3d45b9850f875e28bc9a94b6dfcb4,['error'],0.,[],[],[],[]
e90a0d11afec78b1f540d7e48eb7fdc9,['error'],0.,[],[],[],[]
ce0b00d863b0d755c526ee0f8a9b8c76,['error'],0.,[],[],[],[]
311ff04c37e05a33801f2f03c1b7e26d,['error'],0.,[],[],[],[]
d89b63cc266d62a8e318aef84870aead,['error'],0.,[],[],[],[]
28de4856a51de47f6507e1859f491451,['error'],0.,[],[],[],[]
7e833ddd83434ce7c79e6881f9933cce,['error'],0.,[],[],[],[]
53844e55fbaa3f5af497297a11c3ca29,safe,0.011731,,,,
a56e554f70f96e666567541530fe4e8c,"['IO', 'ETH_LEAK']",300.110286,"[101, 105]","['Integer Overflow and Underflow', 'Unprotected Ether Withdrawal']","[3, 2]","['Arithmetic Issues', 'Access Control']"
786f6d65d4d8cd05531d280e4492f592,"['IO', 'ETH_LEAK']",308.708863,"[101, 105]","['Integer Overflow and Underflow', 'Unprotected Ether Withdrawal']","[3, 2]","['Arithmetic Issues', 'Access Control']"
371935dbe8b36030c74ed8a5499be75a,['error'],0.,[],[],[],[]
ca30ea7e62acccfd86d31727c1034a14,['error'],0.,[],[],[],[]
2bf6f5458ef5ebdb9e89b2b723ba2e47,"['IO', 'ETH_LEAK']",659.49236,"[101, 105]","['Integer Overflow and Underflow', 'Unprotected Ether Withdrawal']","[3, 2]","['Arithmetic Issues', 'Access Control']"
4503365bc1a0e7b13bb667f14c14a3a3,"['IO', 'DZ', 'ETH_LEAK']",364.344738,"[101, 105]","['Integer Overflow and Underflow', 'Unprotected Ether Withdrawal']","[3, 2]","['Arithmetic Issues', 'Access Control']"
dd77f8f680ca43972c549229e6189689,['error'],0.,[],[],[],[]
fbcb31753c01eb38667f2aa8139f2040,safe,4.176304,,,,
16cc936bc3009b2406b09f117e055dd7,['error'],0.,[],[],[],[]
ef0f4b8310ff1ff7275a75136ac5f11a,['error'],0.,[],[],[],[]
22a40766e884da7c8bf43e353b7ac448,['error'],0.,[],[],[],[]
21985a992947eae31639ec0add23d5ab,['error'],0.,[],[],[],[]
a9cd3c02ab49a90defa3e2e3772fcf70,['error'],0.,[],[],[],[]
d0faab1acaf40c6ef19b50eef87f0aaa,"['IO', 'DZ', 'ETH_LEAK']",306.585443,"[101, 105]","['Integer Overflow and Underflow', 'Unprotected Ether Withdrawal']","[3, 2]","['Arithmetic Issues', 'Access Control']"
c3c24082822b14b25b98fa36f3d48677,"['IO', 'ETH_LEAK']",301.201673,"[101, 105]","['Integer Overflow and Underflow', 'Unprotected Ether Withdrawal']","[3, 2]","['Arithmetic Issues', 'Access Control']"
24b1d5da3702313312718bdaeb86f28d,['error'],0.,[],[],[],[]
977c04512560af4c6d39c31e349921e4,"['IO', 'ETH_LEAK']",300.285605,"[101, 105]","['Integer Overflow and Underflow', 'Unprotected Ether Withdrawal']","[3, 2]","['Arithmetic Issues', 'Access Control']"
7391ec54eca9eb37bd2cd1d7263097a6,['IO'],20.144222,[101],['Integer Overflow and Underflow'],[3],['Arithmetic Issues']
ff08f0e6f27166cfe8eccb1cfa70dfea,['error'],0.,[],[],[],[]
e4b520d104c0a5919c0453939bbdf3fb,safe,0.039642,,,,
4c2765900748e57527062df0f52b9ee1,['error'],0.,[],[],[],[]
4a843f27752b3582681f84950c5c7acd,['IO'],0.613043,[101],['Integer Overflow and Underflow'],[3],['Arithmetic Issues']
2484e44d0b37c2d9ac67f865e1d4a4da,['error'],0.,[],[],[],[]
30daf8415108165389473c320b172cea,['error'],0.,[],[],[],[]
a6b0b2860588ccf164592ac384205116,['error'],0.,[],[],[],[]
082ed9ae36dd6c067358fd3d5e33bfac,['error'],0.,[],[],[],[]
188ab807816ab491981f51fb9c18ac69,"['IO', 'ETH_LEAK']",305.503636,"[101, 105]","['Integer Overflow and Underflow', 'Unprotected Ether Withdrawal']","[3, 2]","['Arithmetic Issues', 'Access Control']"
844793d78cdf0dc4b986468b38bd8054,"['IO', 'ETH_LEAK']",300.271845,"[101, 105]","['Integer Overflow and Underflow', 'Unprotected Ether Withdrawal']","[3, 2]","['Arithmetic Issues', 'Access Control']"
df10621383b581bfcba0b0ba59b5968f,safe,0.029824,,,,
e3a5be781b0518f13bb3fad0b7ac834a,['IO'],300.598884,[101],['Integer Overflow and Underflow'],[3],['Arithmetic Issues']
71389e64ab96ff841df2394fa13a7429,['error'],0.,[],[],[],[]
fe4740d612b8a1eb0c448692fd3b058d,safe,0.030895,,,,
68b099601ca791d8778cd3aabc311d77,['error'],0.,[],[],[],[]
9dc3f78c9625847712b1bef223f2a000,['error'],0.,[],[],[],[]
f41bfd87983745caa5d3a6fb8fb8f0f2,['IO'],10.805193,[101],['Integer Overflow and Underflow'],[3],['Arithmetic Issues']
acb5af00ad32ba1424a7347d7f4faee2,['ETH_LEAK'],0.279172,[105],['Unprotected Ether Withdrawal'],[2],['Access Control']
76c070810e8737a0f3f15e384649151a,['error'],0.,[],[],[],[]
deb2c247811708cc212ab8b46ac988af,['error'],0.,[],[],[],[]
9a9fe9d646c548095b8431e977da6f2f,safe,0.014083,,,,
1c75347da7163c0e38239167e91113fb,"['IO', 'ETH_LEAK']",300.377635,"[101, 105]","['Integer Overflow and Underflow', 'Unprotected Ether Withdrawal']","[3, 2]","['Arithmetic Issues', 'Access Control']"
09f84bfb308def5ee3e34c2fcfeeccc1,['error'],0.,[],[],[],[]
43c992f0a867437ffa835673b23b1750,"['IO', 'ETH_LEAK']",300.247692,"[101, 105]","['Integer Overflow and Underflow', 'Unprotected Ether Withdrawal']","[3, 2]","['Arithmetic Issues', 'Access Control']"
8aba41bc3197da224cb3fa80942679a6,['error'],0.,[],[],[],[]
110268472a8346dcd64fd38fa5f1adc4,['error'],0.,[],[],[],[]
78da1572241616fa5b453f5d7c23f05a,"['IO', 'ETH_LEAK']",309.324225,"[101, 105]","['Integer Overflow and Underflow', 'Unprotected Ether Withdrawal']","[3, 2]","['Arithmetic Issues', 'Access Control']"
5114069476ba978d5ae1d0663e003f64,['error'],0.,[],[],[],[]
bdefad9ebc67e44422c1a6aa51f35735,safe,0.883195,,,,
d46200bf3b38ac508acab83a98daae38,['error'],0.,[],[],[],[]
cb3bc4b930a98627b90df11e69bc5ce4,['error'],0.,[],[],[],[]
dd0c57e82f5c056771b1f015437a4da3,['error'],0.,[],[],[],[]
cb806f0d7172a1df6247f651ca28a656,['error'],0.,[],[],[],[]
e71c3e3c70bcdc95207c806874e84d23,['error'],0.,[],[],[],[]
1bd057d453253eb65727796e2634a5a0,['error'],0.,[],[],[],[]
4570e2ba095d9bba91882a67a4ee8fa9,['IO'],9.463361,[101],['Integer Overflow and Underflow'],[3],['Arithmetic Issues']
76f86d8427d414b242165c7c96d0099d,['error'],0.,[],[],[],[]
a0e13201af904506574b468f75e930c4,['error'],0.,[],[],[],[]
5e471afcb225dc5e8bb921b59cf95eb8,['error'],0.,[],[],[],[]
9c585d2c5fe2448d1903691fc68ce565,"['IO', 'ETH_LEAK']",301.817865,"[101, 105]","['Integer Overflow and Underflow', 'Unprotected Ether Withdrawal']","[3, 2]","['Arithmetic Issues', 'Access Control']"
ecc174f0c0503ec1b833e6b36c5a2525,['ETH_LEAK'],1.577559,[105],['Unprotected Ether Withdrawal'],[2],['Access Control']
db4ed99c2e2fcd0c9e14f3b44d134460,"['IO', 'DZ', 'KA', 'ETH_LEAK']",1476.467418,"[101, 105]","['Integer Overflow and Underflow', 'Unprotected Ether Withdrawal']","[3, 2]","['Arithmetic Issues', 'Access Control']"
28afc25008117ec6a81234555124049e,['error'],0.,[],[],[],[]
735483d61ed5b9d9aa9e31ef8567c988,"['IO', 'ETH_LEAK']",473.528229,"[101, 105]","['Integer Overflow and Underflow', 'Unprotected Ether Withdrawal']","[3, 2]","['Arithmetic Issues', 'Access Control']"
f4f5521d8231f09f5145a06c6e55315f,safe,0.008286,,,,
474fd50d8f284b1ac8bd207b0229169c,"['IO', 'DZ', 'ETH_LEAK']",302.994352,"[101, 105]","['Integer Overflow and Underflow', 'Unprotected Ether Withdrawal']","[3, 2]","['Arithmetic Issues', 'Access Control']"
96f8da74eb6a7225fae9947504ed0016,"['IO', 'ETH_LEAK']",303.587395,"[101, 105]","['Integer Overflow and Underflow', 'Unprotected Ether Withdrawal']","[3, 2]","['Arithmetic Issues', 'Access Control']"
e3856ee56ba7e674608f32890a531651,"['IO', 'DZ', 'ETH_LEAK']",300.125572,"[101, 105]","['Integer Overflow and Underflow', 'Unprotected Ether Withdrawal']","[3, 2]","['Arithmetic Issues', 'Access Control']"
84eed6d15252786519030e276969c245,['ETH_LEAK'],0.028817,[105],['Unprotected Ether Withdrawal'],[2],['Access Control']
0d2598d06a3dc507babe4fccc4325eb3,['error'],0.,[],[],[],[]
98e3701be8a33b1a83c248e2cb7bee36,"['IO', 'DZ', 'ETH_LEAK']",319.695532,"[101, 105]","['Integer Overflow and Underflow', 'Unprotected Ether Withdrawal']","[3, 2]","['Arithmetic Issues', 'Access Control']"
4060560a9da63d25233ef2d24076e983,"['IO', 'ETH_LEAK']",301.529559,"[101, 105]","['Integer Overflow and Underflow', 'Unprotected Ether Withdrawal']","[3, 2]","['Arithmetic Issues', 'Access Control']"
ed3647d2d69fd5e5f583aa60c760e182,"['IO', 'DZ', 'ETH_LEAK']",303.110262,"[101, 105]","['Integer Overflow and Underflow', 'Unprotected Ether Withdrawal']","[3, 2]","['Arithmetic Issues', 'Access Control']"
3676cd599e632e7e614abaf9683e30dd,['error'],0.,[],[],[],[]
01d3a06244c775067a25e643e2e3af73,['IO'],300.390558,[101],['Integer Overflow and Underflow'],[3],['Arithmetic Issues']
3b11e8a8b98e268d189768525b510d1f,['error'],0.,[],[],[],[]
54dfb393344c462d17b72a47ced70b19,['ETH_LEAK'],300.120874,[105],['Unprotected Ether Withdrawal'],[2],['Access Control']
0bb4abd4e814830462937febb9ed8bbb,['error'],0.,[],[],[],[]
002d5f79eff9f8d6d47a61fdaf5bf0c6,['error'],0.,[],[],[],[]
b57aabdb7a5548fa958ded58681753e0,safe,0.029366,,,,
17e45be609e81cb9ee2903336517ba4a,['error'],0.,[],[],[],[]
3dadeb7e3c9cea9329b1491b884c0f19,"['IO', 'DZ', 'ETH_LEAK']",311.51106,"[101, 105]","['Integer Overflow and Underflow', 'Unprotected Ether Withdrawal']","[3, 2]","['Arithmetic Issues', 'Access Control']"
4198b0cc758eb6af1b8bedbd4ed4253e,safe,0.008,,,,
74a9cc8e9d2ced3567d9cd2dbcd44600,"['IO', 'ETH_LEAK']",1.962691,"[101, 105]","['Integer Overflow and Underflow', 'Unprotected Ether Withdrawal']","[3, 2]","['Arithmetic Issues', 'Access Control']"
918665f31737bc76d4ff196e53aaca76,['error'],0.,[],[],[],[]
4baad7e475a357dd8d7580d3be0afc02,['IO'],300.057681,[101],['Integer Overflow and Underflow'],[3],['Arithmetic Issues']
3603b97fd300a1cc529836d4c7f2bd43,safe,0.017769,,,,
3985f5d8a42db907cec296771897210b,['error'],0.,[],[],[],[]
a5b655d066fc8e2a560fd8a47e64a759,['error'],0.,[],[],[],[]
f6f5761390b70487e0c83a40e75ac9df,"['IO', 'ETH_LEAK']",306.29742,"[101, 105]","['Integer Overflow and Underflow', 'Unprotected Ether Withdrawal']","[3, 2]","['Arithmetic Issues', 'Access Control']"
5e4961d7c9d36a805b2dff709a2c61cc,"['IO', 'ETH_LEAK']",304.414163,"[101, 105]","['Integer Overflow and Underflow', 'Unprotected Ether Withdrawal']","[3, 2]","['Arithmetic Issues', 'Access Control']"
4ff44cb73cbed3545d973b7d72fb1d49,['error'],0.,[],[],[],[]
7e8b768284cb6e9ec8abdf9d9d61ec41,['error'],0.,[],[],[],[]
926954db34f2d719cc012f2e96922056,['error'],0.,[],[],[],[]
fb98e1b93e9ce5f8d407cdd3407a9fcc,['error'],0.,[],[],[],[]
387d5f733c552f411b810c5e93d19854,['IO'],318.824235,[101],['Integer Overflow and Underflow'],[3],['Arithmetic Issues']
54d71e8cbee37d30173034d73ba5f1e2,"['IO', 'ETH_LEAK']",304.643796,"[101, 105]","['Integer Overflow and Underflow', 'Unprotected Ether Withdrawal']","[3, 2]","['Arithmetic Issues', 'Access Control']"
8fcf9b123478c89cbebd83b0326394f0,['error'],0.,[],[],[],[]
ff95df5ccdc02f17b277f85d2de38098,['error'],0.,[],[],[],[]
a8803e8927f33ef1366c3367e5d71926,['error'],0.,[],[],[],[]
0d8fa90a6d3b16bb345153356933a128,['error'],0.,[],[],[],[]
8c71a9d8ecb3c85c6411ba1a6a09d723,['error'],0.,[],[],[],[]
246cda85b71ea82251323cce2809dbe3,"['IO', 'ETH_LEAK']",300.057133,"[101, 105]","['Integer Overflow and Underflow', 'Unprotected Ether Withdrawal']","[3, 2]","['Arithmetic Issues', 'Access Control']"
3de769c437cc414f28f0e02f78594a35,['error'],0.,[],[],[],[]
86b74ca754fe81a08555649dff7e67e7,safe,0.927186,,,,
8ac84afe982a789fd97b2f55a5fb07fa,['error'],0.,[],[],[],[]
86e3c4a0b7f363460f1547363099a6c6,"['IO', 'DZ', 'ETH_LEAK']",308.836828,"[101, 105]","['Integer Overflow and Underflow', 'Unprotected Ether Withdrawal']","[3, 2]","['Arithmetic Issues', 'Access Control']"
ea096063d63d26cc1cccfb57d4814bf9,['error'],0.,[],[],[],[]
c373e8c9c600c430ebbc72e0aba07cbf,safe,0.010938,,,,
7fa2835457a05ecd631c5d23a48deabd,['ETH_LEAK'],0.045968,[105],['Unprotected Ether Withdrawal'],[2],['Access Control']
914172cd9a4220f4edd2f53ac1c140fe,['error'],0.,[],[],[],[]
900eb56c1dc83e67fa00d073eb180fea,"['IO', 'DZ', 'ETH_LEAK']",574.626104,"[101, 105]","['Integer Overflow and Underflow', 'Unprotected Ether Withdrawal']","[3, 2]","['Arithmetic Issues', 'Access Control']"
149203d00c4bb5664dda100d6eb2db6b,['error'],0.,[],[],[],[]
1aa60b405a7fde603292ce637bb8cbfd,['error'],0.,[],[],[],[]
ba2c65a3529f067ab9a620fdfd49e889,['error'],0.,[],[],[],[]
738cda6c5d4d0952633d7a91e88d6f6a,['error'],0.,[],[],[],[]
5ca5f1ad8c2ad022aa9997134a0a2d80,['error'],0.,[],[],[],[]
5f769b7bf671c77637d3129ef6439c07,"['IO', 'ETH_LEAK']",300.754543,"[101, 105]","['Integer Overflow and Underflow', 'Unprotected Ether Withdrawal']","[3, 2]","['Arithmetic Issues', 'Access Control']"
db4462cca71392e455bba9ea96902c48,"['IO', 'ETH_LEAK']",258.973013,"[101, 105]","['Integer Overflow and Underflow', 'Unprotected Ether Withdrawal']","[3, 2]","['Arithmetic Issues', 'Access Control']"
7850615f130d45c454a41adab0839920,['error'],0.,[],[],[],[]
081234acd7c565a6692e5ecd767fa464,"['IO', 'ETH_LEAK']",300.299139,"[101, 105]","['Integer Overflow and Underflow', 'Unprotected Ether Withdrawal']","[3, 2]","['Arithmetic Issues', 'Access Control']"
d966ae066c09103e902fd6ce0e2feb12,['error'],0.,[],[],[],[]
06c72a09a66dc22c9898ab9ca5cdaae9,['ETH_LEAK'],267.215728,[105],['Unprotected Ether Withdrawal'],[2],['Access Control']
c4a21695a16860841fa342d96585d373,['IO'],301.097046,[101],['Integer Overflow and Underflow'],[3],['Arithmetic Issues']
3154c61c2a42e95aa1ca74a63505f8f2,['error'],0.,[],[],[],[]
5c118e978c9c2e4806c161a56be57f34,"['IO', 'ETH_LEAK']",315.522358,"[101, 105]","['Integer Overflow and Underflow', 'Unprotected Ether Withdrawal']","[3, 2]","['Arithmetic Issues', 'Access Control']"
4b16e58a03cb2617afa2b4cf66fbe3c7,"['IO', 'DZ', 'ETH_LEAK']",300.38689,"[101, 105]","['Integer Overflow and Underflow', 'Unprotected Ether Withdrawal']","[3, 2]","['Arithmetic Issues', 'Access Control']"
e5b91a1fb63acdbf6ea0fabc18ffcb47,['error'],0.,[],[],[],[]
58e98e6eb7bb3599b931eb4c3fcebec9,"['IO', 'DZ', 'ETH_LEAK']",1364.523752,"[101, 105]","['Integer Overflow and Underflow', 'Unprotected Ether Withdrawal']","[3, 2]","['Arithmetic Issues', 'Access Control']"
d813e6a1d3f2a9f4978f49c8912ec63b,"['IO', 'DZ', 'ETH_LEAK']",324.253887,"[101, 105]","['Integer Overflow and Underflow', 'Unprotected Ether Withdrawal']","[3, 2]","['Arithmetic Issues', 'Access Control']"
455ef78ef3aeff4e0a6d2041caf1e513,"['IO', 'ETH_LEAK']",1369.420242,"[101, 105]","['Integer Overflow and Underflow', 'Unprotected Ether Withdrawal']","[3, 2]","['Arithmetic Issues', 'Access Control']"
2f28752fa3c4e3299b71fb526f3e418a,['error'],0.,[],[],[],[]
b5d33826cf079ca957913c2e96f88ca7,"['IO', 'ETH_LEAK']",300.140324,"[101, 105]","['Integer Overflow and Underflow', 'Unprotected Ether Withdrawal']","[3, 2]","['Arithmetic Issues', 'Access Control']"
9d100918c234fe301aeef75ce459c62b,['error'],0.,[],[],[],[]
947a23bf4eb57a0b06d39b7d682d1c42,['IO'],2.07539,[101],['Integer Overflow and Underflow'],[3],['Arithmetic Issues']
9692615eb1fd790ac561a21a658dc825,safe,0.008063,,,,
49db1e055853dcf78e984d206a4726e2,['error'],0.,[],[],[],[]
7356756e1cc8743173dd25420cfb2993,safe,0.052886,,,,
acb72f1f3b2898b62d6d841f999e5c77,"['IO', 'ETH_LEAK']",302.951586,"[101, 105]","['Integer Overflow and Underflow', 'Unprotected Ether Withdrawal']","[3, 2]","['Arithmetic Issues', 'Access Control']"
6cdea8a472db0934dc539f8871e09043,['error'],0.,[],[],[],[]
f8473e6ca029d0480c9624509ce06e07,safe,0.015001,,,,
41f84b0b8118d03b17aa7d01c6bb4fe1,['error'],0.,[],[],[],[]
1ff0e80d13c4b745b35c863a71f92e50,safe,0.030354,,,,
87ff811a19938ccecda11f4bf378cd5c,safe,0.102583,,,,
8741cffb5d6e4460bda77cf0b8bfaa23,"['IO', 'ETH_LEAK']",300.735289,"[101, 105]","['Integer Overflow and Underflow', 'Unprotected Ether Withdrawal']","[3, 2]","['Arithmetic Issues', 'Access Control']"
3f9952d0f451df6c66bbc4e9959d6a25,['error'],0.,[],[],[],[]
fbee9d7a84ce6a1b85f934d965db4c0b,['error'],0.,[],[],[],[]
7bebb71ff57f3d4ce138b59ded90501e,['ETH_LEAK'],0.039118,[105],['Unprotected Ether Withdrawal'],[2],['Access Control']
f405291c759364a521641cee4b2020fd,"['IO', 'ETH_LEAK']",465.030939,"[101, 105]","['Integer Overflow and Underflow', 'Unprotected Ether Withdrawal']","[3, 2]","['Arithmetic Issues', 'Access Control']"
692b867f51eccbcd595c923fd9fbbff7,['error'],0.,[],[],[],[]
5734a4453bb917eb504f91c9686d73e2,['IO'],344.236761,[101],['Integer Overflow and Underflow'],[3],['Arithmetic Issues']
1bcbb73f4dd99f5db6ed785dbed8d178,['error'],0.,[],[],[],[]
1b3486dac06eb803b92f74b3f15e66e5,"['IO', 'ETH_LEAK']",300.732195,"[101, 105]","['Integer Overflow and Underflow', 'Unprotected Ether Withdrawal']","[3, 2]","['Arithmetic Issues', 'Access Control']"
e155c0d9de4d6c97065977863a44f9df,['error'],0.,[],[],[],[]
0345fd45c66b19acd3d1ea62659fe7c6,safe,0.030074,,,,
9446113f9958916d39daf776a5d5dd97,safe,5.376441,,,,
7a7b12f2e68a66ad1597de44d4a67252,['error'],0.,[],[],[],[]
2d0c4e326c9f1051296a998f1fbb7bfb,['error'],0.,[],[],[],[]
f0765707dffab55d365be3234f36686e,safe,0.161757,,,,
a5ea9877fe96e676fabbdeaa0bb1ffee,"['IO', 'ETH_LEAK']",316.58154,"[101, 105]","['Integer Overflow and Underflow', 'Unprotected Ether Withdrawal']","[3, 2]","['Arithmetic Issues', 'Access Control']"
526f7b6b87dbd93fbf04564b3c074d70,['error'],0.,[],[],[],[]
e7e14a0cc4db1fd170b5f4424ec2ebbd,['IO'],303.54122,[101],['Integer Overflow and Underflow'],[3],['Arithmetic Issues']
2e99e4754aab5a8d7078f38a2ffa3c49,['error'],0.,[],[],[],[]
613592ec713754ff414af093a3003ee2,['error'],0.,[],[],[],[]
dda923ac8e61ef8ff77927d237b9636f,['error'],0.,[],[],[],[]
b7b273dcda5b51a458a63217bc707d65,['error'],0.,[],[],[],[]
95af986af2c18b06a6d123fec7147dba,"['IO', 'ETH_LEAK']",319.710846,"[101, 105]","['Integer Overflow and Underflow', 'Unprotected Ether Withdrawal']","[3, 2]","['Arithmetic Issues', 'Access Control']"
032cf60cd0f1caefc33e33f687f018ff,['error'],0.,[],[],[],[]
ff697b9d3d3c7ced362be9845734ac99,['error'],0.,[],[],[],[]
2b2beb388fb5b103e463206b735ae1bd,['error'],0.,[],[],[],[]
496449e6d6f96097c95308c7551aa418,"['IO', 'DZ', 'ETH_LEAK']",324.253012,"[101, 105]","['Integer Overflow and Underflow', 'Unprotected Ether Withdrawal']","[3, 2]","['Arithmetic Issues', 'Access Control']"
9a33d7fc8044fae9e5539a2a02a54636,"['IO', 'ETH_LEAK']",304.428173,"[101, 105]","['Integer Overflow and Underflow', 'Unprotected Ether Withdrawal']","[3, 2]","['Arithmetic Issues', 'Access Control']"
22694af690cc92b66e8e52de58817bd4,['error'],0.,[],[],[],[]
6b20579c65a668e183a8b5f643b3e8a3,['error'],0.,[],[],[],[]
6ecd155721fbaf6bb1d37261a16028b5,['error'],0.,[],[],[],[]
ee686c1134498ebb2157cb061acc2b75,"['IO', 'ETH_LEAK']",313.11822,"[101, 105]","['Integer Overflow and Underflow', 'Unprotected Ether Withdrawal']","[3, 2]","['Arithmetic Issues', 'Access Control']"
9795608a4a76b3be162bef7fdfad6afb,"['IO', 'DZ', 'ETH_LEAK']",300.982056,"[101, 105]","['Integer Overflow and Underflow', 'Unprotected Ether Withdrawal']","[3, 2]","['Arithmetic Issues', 'Access Control']"
bf31e226b9fb15240db3d7307c6e54d0,['error'],0.,[],[],[],[]
97e9068d08c231cf67c16434705ea44b,['error'],0.,[],[],[],[]
f04749c83261ae0dcba99d1590d42136,['ETH_LEAK'],136.405389,[105],['Unprotected Ether Withdrawal'],[2],['Access Control']
e2dda0c9e522b33850e617d356b85d16,['error'],0.,[],[],[],[]
1ce0fc02d1818d9abede82a0d7a27e4b,"['IO', 'ETH_LEAK']",300.093511,"[101, 105]","['Integer Overflow and Underflow', 'Unprotected Ether Withdrawal']","[3, 2]","['Arithmetic Issues', 'Access Control']"
24c612cdf8860794850d30294478465f,['IO'],300.027882,[101],['Integer Overflow and Underflow'],[3],['Arithmetic Issues']
a59a042cecdf4737884a5b754d62584b,['ETH_LEAK'],9.42919,[105],['Unprotected Ether Withdrawal'],[2],['Access Control']
6e7607cdf8963091a078d0d5b37d1421,['error'],0.,[],[],[],[]
504d2a0ec5897ff5fa31ab8b5d829f3a,['error'],0.,[],[],[],[]
4adce7d18ea22e9f5fd224269e0baad2,['error'],0.,[],[],[],[]
a820b9e52c6d2ff632a22149da0d2f5c,['error'],0.,[],[],[],[]
bc4766ad8fa85552be66a94d3e21c639,"['IO', 'ETH_LEAK']",301.008149,"[101, 105]","['Integer Overflow and Underflow', 'Unprotected Ether Withdrawal']","[3, 2]","['Arithmetic Issues', 'Access Control']"
d9355e7c9a5f06980bc4f57ff8013e3f,"['IO', 'ETH_LEAK']",300.586294,"[101, 105]","['Integer Overflow and Underflow', 'Unprotected Ether Withdrawal']","[3, 2]","['Arithmetic Issues', 'Access Control']"
ecb01576c9b028c5be086804a41ced45,['ETH_LEAK'],328.537564,[105],['Unprotected Ether Withdrawal'],[2],['Access Control']
c98b235972487c3b733f6e5a49fb6818,['error'],0.,[],[],[],[]
7ba657d5b3e829821944dab6a34f05fb,['error'],0.,[],[],[],[]
f769ba5715c4c0312ff47958b9ec595e,['error'],0.,[],[],[],[]
3d105ed6661e95dd474473a27326a915,"['IO', 'DZ', 'ETH_LEAK']",300.061682,"[101, 105]","['Integer Overflow and Underflow', 'Unprotected Ether Withdrawal']","[3, 2]","['Arithmetic Issues', 'Access Control']"
3ec58b50218ca4edd662d9a2143eedbc,['ETH_LEAK'],301.477224,[105],['Unprotected Ether Withdrawal'],[2],['Access Control']
af23f64f2837b1a629f6c7903507ad68,['error'],0.,[],[],[],[]
60243d2ffe4476b7c66555d67444e571,safe,19.646789,,,,
59f084f924733e006acde4cee4656330,"['IO', 'ETH_LEAK']",301.925094,"[101, 105]","['Integer Overflow and Underflow', 'Unprotected Ether Withdrawal']","[3, 2]","['Arithmetic Issues', 'Access Control']"
280bb489c354077ef62461e9e97e16dd,['error'],0.,[],[],[],[]
b1ebb8f73761e1f5104fda2535731bf1,['IO'],5.478613,[101],['Integer Overflow and Underflow'],[3],['Arithmetic Issues']
bf2af91f38da86eb0c25ca4f98816b69,['IO'],302.666967,[101],['Integer Overflow and Underflow'],[3],['Arithmetic Issues']
6ba169c3d2f761905141e198142ebe97,['ETH_LEAK'],0.362787,[105],['Unprotected Ether Withdrawal'],[2],['Access Control']
625e0ae619014280b489f215b8beef48,safe,0.0227,,,,
357b58bea2ac0c616454208586edcdd2,['error'],0.,[],[],[],[]
edc1d4665a50e846d3e10681ba9b7a52,['IO'],181.048062,[101],['Integer Overflow and Underflow'],[3],['Arithmetic Issues']
94d2d0b47556e22799f0900a3a4f9338,['error'],0.,[],[],[],[]
b08a61486f04d83f87538f14c3ced71f,"['IO', 'ETH_LEAK']",305.239818,"[101, 105]","['Integer Overflow and Underflow', 'Unprotected Ether Withdrawal']","[3, 2]","['Arithmetic Issues', 'Access Control']"
1911c4c3b3a9a2814a7b7a52f1de6008,"['IO', 'ETH_LEAK']",301.184796,"[101, 105]","['Integer Overflow and Underflow', 'Unprotected Ether Withdrawal']","[3, 2]","['Arithmetic Issues', 'Access Control']"
9e3c12d73b36953b12191cb2709166af,safe,2.29002,,,,
fa02bf36360ba9febb67ee3c0a6fa3f1,['error'],0.,[],[],[],[]
7c8c13e054d253c80776aa19cfc150e5,['error'],0.,[],[],[],[]
b58deeaaab717523d47985c4d1561f63,safe,0.029759,,,,
a113d630c4433c6ac130093ded55871d,['error'],0.,[],[],[],[]
f154f64d05c892166d264ceb222e6318,['IO'],8.231802,[101],['Integer Overflow and Underflow'],[3],['Arithmetic Issues']
8096e68d25d119fccd73b19cb22a7e8f,"['IO', 'ETH_LEAK']",300.143956,"[101, 105]","['Integer Overflow and Underflow', 'Unprotected Ether Withdrawal']","[3, 2]","['Arithmetic Issues', 'Access Control']"
aa5aab54dabc58741db51328edd8fc10,['error'],0.,[],[],[],[]
41b82e44045ebe3c4471ac1472212895,['error'],0.,[],[],[],[]
99967024a919db1fd9369e55d5f1402f,['error'],0.,[],[],[],[]
060542382a402916ceb3e1bf03cde783,['error'],0.,[],[],[],[]
5520ef7276baf29282ea39f04ba93b0e,['error'],0.,[],[],[],[]
9cd90eabda9b6628fe157db2bd97cfd3,['error'],0.,[],[],[],[]
57126087edbd693976ca7cf99db8dbfd,['error'],0.,[],[],[],[]
fd11f3c5eaac73bf650356c2abe013b2,"['IO', 'KA', 'ETH_LEAK']",300.042525,"[101, 105]","['Integer Overflow and Underflow', 'Unprotected Ether Withdrawal']","[3, 2]","['Arithmetic Issues', 'Access Control']"
bd9b469f7e44b99a7c9d3c3c1f25308e,['error'],0.,[],[],[],[]
e7bb8da4b0aea4f519ab9bc25b5ee5ad,"['IO', 'DZ']",305.614718,[101],['Integer Overflow and Underflow'],[3],['Arithmetic Issues']
306fc23c5d99501318efe5e94e0c047f,['error'],0.,[],[],[],[]
3afb0b4cf597df904f7cf98fcab6d19e,['error'],0.,[],[],[],[]
d62df141ba02eddb30e3f3980d26456f,['IO'],300.340498,[101],['Integer Overflow and Underflow'],[3],['Arithmetic Issues']
72d2e267fc295b17af504d91f48ccc10,['error'],0.,[],[],[],[]
f5b8b402b211826b1544e6dd4b5d0267,['error'],0.,[],[],[],[]
a030af08676d1ee67bda9a0e7087b5df,['IO'],6.857924,[101],['Integer Overflow and Underflow'],[3],['Arithmetic Issues']
189fc32c2d956ef31008eedfe9a880a0,['error'],0.,[],[],[],[]
4192ca07e1674db29ba56e48ab096ce6,['error'],0.,[],[],[],[]
c6b8e96318dcdae39397fab04d3f8311,['error'],0.,[],[],[],[]
673153daea8ea5623257cc0383813183,['ETH_LEAK'],30.825137,[105],['Unprotected Ether Withdrawal'],[2],['Access Control']
43ed6b5ec1c30671119d41652c50b580,safe,0.027309,,,,
251488856f4508e81cddb3f74472609e,['error'],0.,[],[],[],[]
300a36c54cc1c82ff2fbf4ffb458b78c,"['IO', 'DZ', 'ETH_LEAK']",536.981752,"[101, 105]","['Integer Overflow and Underflow', 'Unprotected Ether Withdrawal']","[3, 2]","['Arithmetic Issues', 'Access Control']"
605a12dad3eef98324bdf7934fe8a4f8,['error'],0.,[],[],[],[]
21b8fffcb1c94110a9972715bd0448ec,['error'],0.,[],[],[],[]
d614dc2933555070237c7c6f4f69a454,"['IO', 'ETH_LEAK']",510.781587,"[101, 105]","['Integer Overflow and Underflow', 'Unprotected Ether Withdrawal']","[3, 2]","['Arithmetic Issues', 'Access Control']"
2df19a9e14258e4ccd927da453faca58,safe,0.022397,,,,
6b753e9924eeb7ada8352929dd784d78,safe,0.030457,,,,
b01cef0ea59256ae16256201636213dd,['error'],0.,[],[],[],[]
b0f60b7bb340548ad9dbf64f74a62546,"['IO', 'ETH_LEAK']",300.235808,"[101, 105]","['Integer Overflow and Underflow', 'Unprotected Ether Withdrawal']","[3, 2]","['Arithmetic Issues', 'Access Control']"
9e03e9536734eb9fb39623f5c5a2956e,"['IO', 'ETH_LEAK']",302.60548,"[101, 105]","['Integer Overflow and Underflow', 'Unprotected Ether Withdrawal']","[3, 2]","['Arithmetic Issues', 'Access Control']"
570b1a96f27b35bde1e620a40fba0095,['error'],0.,[],[],[],[]
68f13a52f8cf87ea0cb8d5d94ca1ca9b,['IO'],0.74086,[101],['Integer Overflow and Underflow'],[3],['Arithmetic Issues']
aab9b503e6f61cb0b4ab33490e3ea93f,['error'],0.,[],[],[],[]
e43d57a93a3b3c88f95bec0f5070f27b,"['IO', 'DZ', 'ETH_LEAK']",333.810227,"[101, 105]","['Integer Overflow and Underflow', 'Unprotected Ether Withdrawal']","[3, 2]","['Arithmetic Issues', 'Access Control']"
c0103edee5c2f2f0d148e0030100a67e,['IO'],300.029182,[101],['Integer Overflow and Underflow'],[3],['Arithmetic Issues']
55b9ce83f39d104eaa3c1e41c7dce744,['IO'],170.686589,[101],['Integer Overflow and Underflow'],[3],['Arithmetic Issues']
1e5b9e324fd9066b6f39c70806045141,['error'],0.,[],[],[],[]
69a1260348e9d08a7519556dd40a17ab,['error'],0.,[],[],[],[]
51118a00c4fbf06d8cad50ec7ae50046,"['IO', 'DZ', 'ETH_LEAK']",310.847851,"[101, 105]","['Integer Overflow and Underflow', 'Unprotected Ether Withdrawal']","[3, 2]","['Arithmetic Issues', 'Access Control']"
a9a2697e134180944bfa16232a11aaa8,['error'],0.,[],[],[],[]
c57b05b71072e5fca179a077a3a8c2c2,"['IO', 'ETH_LEAK']",303.650787,"[101, 105]","['Integer Overflow and Underflow', 'Unprotected Ether Withdrawal']","[3, 2]","['Arithmetic Issues', 'Access Control']"
154a050ab0b1d12ebd63f35d588770ca,['IO'],300.815275,[101],['Integer Overflow and Underflow'],[3],['Arithmetic Issues']
6e820710a056a4949c7ee0ba07bdd629,"['IO', 'ETH_LEAK']",304.333286,"[101, 105]","['Integer Overflow and Underflow', 'Unprotected Ether Withdrawal']","[3, 2]","['Arithmetic Issues', 'Access Control']"
6ddcf7e5e762cbd2fb9411dd6c4f5879,['error'],0.,[],[],[],[]
28d858d915a51fb614e3a02588cccbe5,['error'],0.,[],[],[],[]
36174a5d0829a2d796df7d7d8cdf6c6e,['IO'],37.028282,[101],['Integer Overflow and Underflow'],[3],['Arithmetic Issues']
3429415407626a1246b53444471dd625,safe,0.024256,,,,
490d4e92d85c9a164d5530a8234e35c5,['error'],0.,[],[],[],[]
7c4f6b98c76ade4d81f02cec242a2d1a,"['IO', 'ETH_LEAK']",300.093479,"[101, 105]","['Integer Overflow and Underflow', 'Unprotected Ether Withdrawal']","[3, 2]","['Arithmetic Issues', 'Access Control']"
58aec001e853b83271712487a2dbc5ec,"['IO', 'ETH_LEAK']",301.811165,"[101, 105]","['Integer Overflow and Underflow', 'Unprotected Ether Withdrawal']","[3, 2]","['Arithmetic Issues', 'Access Control']"
9a24ad7a4968e769e3d990259f284c4d,"['IO', 'ETH_LEAK']",305.934321,"[101, 105]","['Integer Overflow and Underflow', 'Unprotected Ether Withdrawal']","[3, 2]","['Arithmetic Issues', 'Access Control']"
6e969d0f83987634a95f1fe68df3374e,"['IO', 'ETH_LEAK']",300.178945,"[101, 105]","['Integer Overflow and Underflow', 'Unprotected Ether Withdrawal']","[3, 2]","['Arithmetic Issues', 'Access Control']"
546ebb8214267e1ea7c9014ba064cbc1,['error'],0.,[],[],[],[]
121a74e190e7b54f05a84a2673463b55,['error'],0.,[],[],[],[]
a643d34bfd7cff34c3eb49200efc0206,['IO'],0.572059,[101],['Integer Overflow and Underflow'],[3],['Arithmetic Issues']
6728d1274fbbaa812b9ed7aec83855dc,['error'],0.,[],[],[],[]
f8d029b5dc8b1c50f76436e97c1089e9,safe,0.234846,,,,
79423862b1d3535d13dc4a11e8bb4145,['ETH_LEAK'],300.205713,[105],['Unprotected Ether Withdrawal'],[2],['Access Control']
a2dff7010491759e2c1f399deb139cd4,"['IO', 'ETH_LEAK']",302.237549,"[101, 105]","['Integer Overflow and Underflow', 'Unprotected Ether Withdrawal']","[3, 2]","['Arithmetic Issues', 'Access Control']"
c08844d442ba19ddd7a784e4d8070376,"['IO', 'DZ']",300.335527,[101],['Integer Overflow and Underflow'],[3],['Arithmetic Issues']
1d89df53144c08b845b4fc9facfe34ef,"['IO', 'DZ', 'ETH_LEAK']",77.716113,"[101, 105]","['Integer Overflow and Underflow', 'Unprotected Ether Withdrawal']","[3, 2]","['Arithmetic Issues', 'Access Control']"
b03647dac7ebe168bb4f95d35404bc5a,['error'],0.,[],[],[],[]
cdda336d7b70475113fcf01536e6c032,['error'],0.,[],[],[],[]
662e96aba0463e857799b3bbdd600a21,['error'],0.,[],[],[],[]
6564e9376ca7cd8681e48b4c0cd9895a,"['IO', 'DZ', 'ETH_LEAK']",0.104143,"[101, 105]","['Integer Overflow and Underflow', 'Unprotected Ether Withdrawal']","[3, 2]","['Arithmetic Issues', 'Access Control']"
d8ac5210061a3934cc9719e6a7767871,"['IO', 'ETH_LEAK']",1044.479832,"[101, 105]","['Integer Overflow and Underflow', 'Unprotected Ether Withdrawal']","[3, 2]","['Arithmetic Issues', 'Access Control']"
0e1b80c5f3440ddd47be788830589f56,['error'],0.,[],[],[],[]
2ef5c829e796b8cd723a49c55dccb39f,"['IO', 'ETH_LEAK']",300.546035,"[101, 105]","['Integer Overflow and Underflow', 'Unprotected Ether Withdrawal']","[3, 2]","['Arithmetic Issues', 'Access Control']"
cd5d4b64f56290e306066f132b76be86,"['IO', 'ETH_LEAK']",300.24091,"[101, 105]","['Integer Overflow and Underflow', 'Unprotected Ether Withdrawal']","[3, 2]","['Arithmetic Issues', 'Access Control']"
d7394b6244995de43d9542b937675520,['error'],0.,[],[],[],[]
0844098b324a67a70124607068ac7531,['error'],0.,[],[],[],[]
8cd7c2a2523ec12c98ec7a72d19372e8,['IO'],300.156994,[101],['Integer Overflow and Underflow'],[3],['Arithmetic Issues']
7b7807512399007d4ba9201bffb88a60,"['IO', 'ETH_LEAK']",302.467729,"[101, 105]","['Integer Overflow and Underflow', 'Unprotected Ether Withdrawal']","[3, 2]","['Arithmetic Issues', 'Access Control']"
2e87c75a4e684b7d6d9c090e07f3af43,"['IO', 'ETH_LEAK']",0.661157,"[101, 105]","['Integer Overflow and Underflow', 'Unprotected Ether Withdrawal']","[3, 2]","['Arithmetic Issues', 'Access Control']"
0e7d44697efe5ffbd4a6888f9254516c,['IO'],0.184473,[101],['Integer Overflow and Underflow'],[3],['Arithmetic Issues']
9c4fa04924122354888396aac1cafade,['error'],0.,[],[],[],[]
b67a25e0444c0cd7a57823c4384550b0,['error'],0.,[],[],[],[]
fbd7c25f827cacfe7fc9c532ce23e962,"['IO', 'ETH_LEAK']",300.109453,"[101, 105]","['Integer Overflow and Underflow', 'Unprotected Ether Withdrawal']","[3, 2]","['Arithmetic Issues', 'Access Control']"
efb56b0c125fc8a75f65f6d0112b2e2b,['error'],0.,[],[],[],[]
2a61232ba6dada64acfc1cea889e1489,safe,0.02993,,,,
dfe1dc52292112b36329ee525db682e1,safe,0.022511,,,,
770b07a7de09c7d668c973eeb1a17aaa,['ETH_LEAK'],1.132318,[105],['Unprotected Ether Withdrawal'],[2],['Access Control']
45a7580871f0ad7885cb9cda6b703a82,"['IO', 'ETH_LEAK']",300.619694,"[101, 105]","['Integer Overflow and Underflow', 'Unprotected Ether Withdrawal']","[3, 2]","['Arithmetic Issues', 'Access Control']"
742c15513200feb9973f9d317cc09ffe,['ETH_LEAK'],300.3844,[105],['Unprotected Ether Withdrawal'],[2],['Access Control']
39afddc46dfaa99f28c85e727921bdae,['error'],0.,[],[],[],[]
f2b6d6568d522428120331c340a465d7,['error'],0.,[],[],[],[]
4a4837d1c628fae97c22d8bb39b40fbd,['IO'],6.717282,[101],['Integer Overflow and Underflow'],[3],['Arithmetic Issues']
e0c2c275216d27c15818615b0bf583c6,['IO'],300.202551,[101],['Integer Overflow and Underflow'],[3],['Arithmetic Issues']
4266c5a3f41b2a73c93050bbec1db7a5,['error'],0.,[],[],[],[]
55cb97887cddcc527ef45c3e3053f550,['ETH_LEAK'],308.304445,[105],['Unprotected Ether Withdrawal'],[2],['Access Control']
88c321d773681d01fa3900117fe3a54a,['error'],0.,[],[],[],[]
b77f5d5db7bab7ef519d5e0f8a9ee4d6,['error'],0.,[],[],[],[]
92d20a8616bd73161b47dd38aa43bcee,"['IO', 'DZ', 'ETH_LEAK']",300.189211,"[101, 105]","['Integer Overflow and Underflow', 'Unprotected Ether Withdrawal']","[3, 2]","['Arithmetic Issues', 'Access Control']"
cff913efd1c50e4cdc2fe73cd7b49970,['error'],0.,[],[],[],[]
f89d91271c681da69c0d7dfd8ead6839,['error'],0.,[],[],[],[]
be35a2601813a74f5a81b6bb52c103e9,['error'],0.,[],[],[],[]
6118522e73e0a3476fee31c1401c4c1b,['error'],0.,[],[],[],[]
ae3832ff76e12b6d9a87985492e6ad8d,['error'],0.,[],[],[],[]
1bcbd72be9eea3b997b11d96f9d32e06,"['IO', 'DZ']",316.446489,[101],['Integer Overflow and Underflow'],[3],['Arithmetic Issues']
2d516f3e19729be9001860c518474022,['ETH_LEAK'],304.955581,[105],['Unprotected Ether Withdrawal'],[2],['Access Control']
1e36c4a459324e00d3115867d64b0791,['error'],0.,[],[],[],[]
5f3a59643ab181bc0e7a14b0ac1988d3,"['IO', 'ETH_LEAK']",301.479175,"[101, 105]","['Integer Overflow and Underflow', 'Unprotected Ether Withdrawal']","[3, 2]","['Arithmetic Issues', 'Access Control']"
12a26b92d91099ce48b97195faf7740f,['ETH_LEAK'],8.404428,[105],['Unprotected Ether Withdrawal'],[2],['Access Control']
235f2a0a01a57075c2ee55316e94f26e,['error'],0.,[],[],[],[]
a245796d612e90820c2ac4a9e7c9b12f,"['IO', 'ETH_LEAK']",300.083517,"[101, 105]","['Integer Overflow and Underflow', 'Unprotected Ether Withdrawal']","[3, 2]","['Arithmetic Issues', 'Access Control']"
15fd65226e58cafbc4f3b01783999988,['error'],0.,[],[],[],[]
ca4118c3ab32b2aed6bf817b4bafdee3,['error'],0.,[],[],[],[]
10cad721d4f6ac60db3cb0fa788305eb,['error'],0.,[],[],[],[]
aa78617003a78b2f3f9cb3cc57fc1b11,['IO'],304.256595,[101],['Integer Overflow and Underflow'],[3],['Arithmetic Issues']
e0c2386091ac375d74453bbb0eae8394,['error'],0.,[],[],[],[]
acfa6cdc59e4a9be916229bfe9df007c,"['IO', 'ETH_LEAK']",319.993378,"[101, 105]","['Integer Overflow and Underflow', 'Unprotected Ether Withdrawal']","[3, 2]","['Arithmetic Issues', 'Access Control']"
fd8d568e00a26a11fae284ec9d5b9535,['error'],0.,[],[],[],[]
c67d5a86d2d9cde16a772e24559fee26,['error'],0.,[],[],[],[]
10d8ebaeb96ae9d85c7674ef39621efd,['IO'],3.32292,[101],['Integer Overflow and Underflow'],[3],['Arithmetic Issues']
db4699f1318e9add6e9a8c14bb10ef32,"['IO', 'DZ', 'ETH_LEAK']",301.680632,"[101, 105]","['Integer Overflow and Underflow', 'Unprotected Ether Withdrawal']","[3, 2]","['Arithmetic Issues', 'Access Control']"
516f52616877ecbbd0c2d5d87ed5fcc9,"['IO', 'ETH_LEAK']",302.347558,"[101, 105]","['Integer Overflow and Underflow', 'Unprotected Ether Withdrawal']","[3, 2]","['Arithmetic Issues', 'Access Control']"
2df320615c6cb1a8da04030561222e38,['IO'],308.449156,[101],['Integer Overflow and Underflow'],[3],['Arithmetic Issues']
91a61edc3f95d893a95cc83f31e2c85f,safe,0.024866,,,,
74e28c126192caa488f28fd004dcc94a,safe,0.158975,,,,
1268bd79d09ef5075c1c8cde6708bffd,['error'],0.,[],[],[],[]
6cb8409b6c9e9271ee3264a63dafc311,['ETH_LEAK'],0.290181,[105],['Unprotected Ether Withdrawal'],[2],['Access Control']
79792891790db94c2f58a87aa65ff958,"['IO', 'DZ', 'ETH_LEAK']",300.068335,"[101, 105]","['Integer Overflow and Underflow', 'Unprotected Ether Withdrawal']","[3, 2]","['Arithmetic Issues', 'Access Control']"
0adbb9434478f6977b5a383b1c5515a2,['IO'],0.448552,[101],['Integer Overflow and Underflow'],[3],['Arithmetic Issues']
1b29598c14a80baa9fba38d86be02c17,['error'],0.,[],[],[],[]
d07663a48fbf93a85f60f546f6f1d209,['IO'],300.030717,[101],['Integer Overflow and Underflow'],[3],['Arithmetic Issues']
ff72d7b903927301002e0a13880a2bfe,['error'],0.,[],[],[],[]
6c9ab920b9cdadd878ae8b7096af7d99,safe,0.028616,,,,
03dd87f7eb98c47880114e522233a79c,['IO'],0.035285,[101],['Integer Overflow and Underflow'],[3],['Arithmetic Issues']
36abf99442c0b7fa55616cfb1a6a243a,['error'],0.,[],[],[],[]
52713e629e1353b00302037ab5e48fbf,['error'],0.,[],[],[],[]
6d225ac8e4863d6da804e0878b4f912d,['error'],0.,[],[],[],[]
01affacb32dcc51263a8bd96d85c0929,['IO'],300.179185,[101],['Integer Overflow and Underflow'],[3],['Arithmetic Issues']
b5a0846728f155d6a0e5d12f1f16c284,['IO'],300.042687,[101],['Integer Overflow and Underflow'],[3],['Arithmetic Issues']
38651e52a30d641b9cf429c109960637,['error'],0.,[],[],[],[]
b5adedfe8c340cf05a7615df5563e21d,['error'],0.,[],[],[],[]
94211808f42e159952c0cad04f38e637,"['IO', 'ETH_LEAK']",300.156034,"[101, 105]","['Integer Overflow and Underflow', 'Unprotected Ether Withdrawal']","[3, 2]","['Arithmetic Issues', 'Access Control']"
6e906316f0492ecfb598521ff96015fd,['error'],0.,[],[],[],[]
9ed531b1659bee273bc498bddee7f974,safe,0.021474,,,,
fc315b19f0d4629032969dae3a4fa14b,['ETH_LEAK'],0.048326,[105],['Unprotected Ether Withdrawal'],[2],['Access Control']
bc9e1013fe90cd028495ed8531df2c98,['error'],0.,[],[],[],[]
fea63b3902cc67b80563b0dcc7e46689,"['IO', 'ETH_LEAK']",307.017997,"[101, 105]","['Integer Overflow and Underflow', 'Unprotected Ether Withdrawal']","[3, 2]","['Arithmetic Issues', 'Access Control']"
461f6a32e59e945b01245d69850202fe,"['IO', 'DZ', 'ETH_LEAK']",305.652626,"[101, 105]","['Integer Overflow and Underflow', 'Unprotected Ether Withdrawal']","[3, 2]","['Arithmetic Issues', 'Access Control']"
c6c6fb04b96f590e611f0528951eaaff,['error'],0.,[],[],[],[]
2e6bebb0982f02b00d3c5947bdde1601,"['IO', 'DZ', 'ETH_LEAK']",301.217792,"[101, 105]","['Integer Overflow and Underflow', 'Unprotected Ether Withdrawal']","[3, 2]","['Arithmetic Issues', 'Access Control']"
a8dfd3ae4eb2961406ab589922188606,['error'],0.,[],[],[],[]
89769572e52e5ae1fd945edd1ff81461,"['IO', 'DZ', 'ETH_LEAK']",303.234219,"[101, 105]","['Integer Overflow and Underflow', 'Unprotected Ether Withdrawal']","[3, 2]","['Arithmetic Issues', 'Access Control']"
c3e88a7dcd37d1234601d890c7e1dc69,"['IO', 'ETH_LEAK']",301.401885,"[101, 105]","['Integer Overflow and Underflow', 'Unprotected Ether Withdrawal']","[3, 2]","['Arithmetic Issues', 'Access Control']"
92329413a1a23e66d98b9d2dd8d068c7,['error'],0.,[],[],[],[]
48118c2b5ab26f5b2aab1b59352547b4,['ETH_LEAK'],300.566562,[105],['Unprotected Ether Withdrawal'],[2],['Access Control']
86748929cf21dfa60ac54eb5e16e2717,['error'],0.,[],[],[],[]
003c84ce2828441c5cf062c642d5492c,['error'],0.,[],[],[],[]
0ff11b304c2e7f92e378fdd21395dd89,['IO'],10.440656,[101],['Integer Overflow and Underflow'],[3],['Arithmetic Issues']
285cfbf16564f663dc5c45587896ac9b,['error'],0.,[],[],[],[]
f9224de644158dfdd7cbfad6d5e81865,['IO'],300.640717,[101],['Integer Overflow and Underflow'],[3],['Arithmetic Issues']
810355a7c028380b9908596702cbe8ce,['error'],0.,[],[],[],[]
e086ab2c488d7f2249f72fb0483ee475,"['IO', 'ETH_LEAK']",300.110783,"[101, 105]","['Integer Overflow and Underflow', 'Unprotected Ether Withdrawal']","[3, 2]","['Arithmetic Issues', 'Access Control']"
64da1c24ff421234bc9884d36ed0c98c,"['IO', 'ETH_LEAK']",303.421284,"[101, 105]","['Integer Overflow and Underflow', 'Unprotected Ether Withdrawal']","[3, 2]","['Arithmetic Issues', 'Access Control']"
d71cb2f717636377740436673d1dcc9b,['ETH_LEAK'],300.47177,[105],['Unprotected Ether Withdrawal'],[2],['Access Control']
85c32efb2bca5f87ca41331fcd7f2956,['error'],0.,[],[],[],[]
5d96130efb28b2af2d3b5c576ed7ca25,['ETH_LEAK'],300.050892,[105],['Unprotected Ether Withdrawal'],[2],['Access Control']
b82c119f73b2e79a10e6e3c22c77ec27,safe,0.018933,,,,
405f1b2bd2d35e2a0f5d4d9753a3675f,['error'],0.,[],[],[],[]
8e15801d52711194623836be1d326a17,['ETH_LEAK'],300.098733,[105],['Unprotected Ether Withdrawal'],[2],['Access Control']
48a46f62a5ee4383d29c9ac00e406b23,"['IO', 'ETH_LEAK']",302.935706,"[101, 105]","['Integer Overflow and Underflow', 'Unprotected Ether Withdrawal']","[3, 2]","['Arithmetic Issues', 'Access Control']"
75a1d4f547c131286f22e2f684e7e2ba,['error'],0.,[],[],[],[]
e98abd560d5d30ead0c4a2791d0d94ad,['error'],0.,[],[],[],[]
83b71e57d597fe7145e112a2504e4963,['error'],0.,[],[],[],[]
90dabd067acedb50b209febd7df95a68,['IO'],315.997247,[101],['Integer Overflow and Underflow'],[3],['Arithmetic Issues']
2802fcaf8814660aedd5cfc21884c107,['error'],0.,[],[],[],[]
71223e893a8419dbc61a3f95cd9de5ad,['error'],0.,[],[],[],[]
e49a0000040f68480a3e80dd3406f77c,['error'],0.,[],[],[],[]
06e98fd1a644fe1e46ff58974127a1bb,['error'],0.,[],[],[],[]
69e71942685a78cfa490692eb5706150,"['IO', 'ETH_LEAK']",300.347741,"[101, 105]","['Integer Overflow and Underflow', 'Unprotected Ether Withdrawal']","[3, 2]","['Arithmetic Issues', 'Access Control']"
9ce5a7a2ef0c8c83b45196bdd10d3840,"['IO', 'ETH_LEAK']",302.795345,"[101, 105]","['Integer Overflow and Underflow', 'Unprotected Ether Withdrawal']","[3, 2]","['Arithmetic Issues', 'Access Control']"
01a5db3b517a437d31f790564d8a0149,['error'],0.,[],[],[],[]
8ce8ef620c3c45c764425963c12558d2,['ETH_LEAK'],303.889047,[105],['Unprotected Ether Withdrawal'],[2],['Access Control']
2eca39fae4db2e2e4e4eb9c04295fb2c,['error'],0.,[],[],[],[]
03d0baf5a3e31dda5d1efe05d40658d8,safe,0.012906,,,,
ea0c6a170020a5a4fed21f18a2d4bb43,['error'],0.,[],[],[],[]
f1ea473a82f71ea6451d3e101175ffa8,"['IO', 'ETH_LEAK']",301.103901,"[101, 105]","['Integer Overflow and Underflow', 'Unprotected Ether Withdrawal']","[3, 2]","['Arithmetic Issues', 'Access Control']"
fa95365ad70e58e4fc681ec533bc3d72,"['IO', 'ETH_LEAK']",55.01882,"[101, 105]","['Integer Overflow and Underflow', 'Unprotected Ether Withdrawal']","[3, 2]","['Arithmetic Issues', 'Access Control']"
e411ad7f0a61cd3967a0045764b9969c,['error'],0.,[],[],[],[]
